User_Questions,Bot_Response
What time do you usually open?,"We usually open Mon-Fri(8am-4pm) and Saturdays (9am-12pm), Online banking hours are avaliable 24/7"
How do I apply for and ACB smart card?,You would  have to go on the website and give your information regarding your account details.
What is your email address for your company ?,Our companies email address is customerservice@acbcaribbean.com.
What the location of your local branch?,Our local branch is found in Saint Johns Antigua & Barbuda.
How can I contact customer service?,You can reach them by phone at 1-268-481-4200 (headquarters) or 1-268-480-1177 (Customer Services) or via email at customerservice@acbcaribbean.com
What documents are required to open a new account?,"You would need a form of idenfication, proof of address, resent bank statements.."
What are the type of banking services ACB offers?,"ACB offers many banking services such as Personal banking (Savings and checking accounts ), Corporative and Business banking, Loans, Credit Cards, and Wealth Management. "
What is ACB's core mission?,"To create shared value and financial empowerment for stakeholders through exceptional, community-focused financial services. "
Where is the nearest ATM?,I can help you locate the nearest ACB ATM. Please tell me your location.
What are your interest rates?,Interest rates vary depending on the product. Which type of account or loan are you interested in?
What does ACB mean?,ACB means Antigua Commerical Bank.
How do I reset my online banking password?,"If you've forgotten your password, use the ""Forgot Password"" option on the online banking login page or contact our customer service for assistance."
I lost my debit card...What do I do?,"I'm sorry to hear that. Please contact us immediately to block your card and protect your account. If available, I can provide the emergency contact number."
What are your foreign exchange rates?,Foreign exchange rates change regularly. Which currency would you like information about?
Can I schedule an appointment?,Yes. I can guide you to request an appointment at a branch for banking services.
What should I do if i get a suspicious text or email from ACB?,"Beware of scams. ACB Caribean will NEVER ask questions about your PINS, bank information or full account details through a text message."
Is my money safe with ACB?,"Protecting customer information and funds is a top priority. We use security measures to help safeguard your accounts. Never share your PIN, password, or one-time verification codes with anyone."
Does ACB have an online banking platform amd mobile app?,"Yes. ACB features a full Digital Banking platform and the ACB Smart App, allowing customers to pay utility bills, transfer funds, and check balances on the go. "
I can't log in to online banking.,"I'm sorry you're having trouble. Please verify your username and password. If the issue continues, contact our customer support team for assistance."
How do I apply for a loan?,"You can apply for a personal, mortgage, or business loan by visiting a branch or completing an application if online applications are available. I can tell you more about our loan options."
Where are your ATMs located?,"We have Instant Teller ATMs at the Head Office, Village Walk Commercial Centre, Epicurean Fine Foods, V.C. Bird International Airport, Perry Bay Supermarket, Town House Mega Store, and in Codrington, Barbuda."
Can I apply for a loan online?,Yes! You can start a loan application through our online portal or app. You'll need proof of income and ID to complete it. 
What are you used for as an AI chatbot?,"Banking chatbots act as virtual assistants. They handle routine transactions, monitor spending, and provide personalized financial support."
How long does an international transfer take? ,"International transfers usually take 2-5 business days, depending on the destination country and receiving bank."
What documents do I need to open a business account?,"You'll need your business registration certificate, tax ID, valid ID for all signatories, and proof of business address. A branch rep can guide you through the rest!"
Can I pay my bills through the app?,"Yes! Just go to the ""Pay Bills"" section, select your provider, enter the amount, and confirm. Payments usually process within 24 hours"
Is there a minimum balance required for a checking account?,Our standard checking account requires a minimum balance of $100. Falling below this may incur a small monthly fee.
How do I dispute a transaction on my account?,"Sorry to hear that! Please contact our support team within 30 days of the transaction with the details, and we'll investigate right away"
How do I check my account balance?,"You can view your balance anytime by saying ""Account Balance"" or by visiting your Mobile Banking Portal securely."
Can I transfer funds between my accounts?,Yes! I can help you transfer your money from one account to another. Where should I transfer it to and from?
Can I set up automatic bill payments?,"Absolutely! Go to ""Manage Payments"" in the app, select the biller, choose your frequency, and you're all set."
Where can I find my routing number or account number?,You can find your routing and account numbers by logging into your Online Account Center and viewing your account details or checking the bottom of your paper checks.
I didn't make this transaction. How do I report fraud?," I can immediately freeze your card and connect you to our Fraud Department to dispute the charge. To get started, please share the date and amount of the unrecognized transaction."
What's the daily withdrawal limit on my debit card?,"Standard accounts have a daily withdrawal limit of $1,000. Need a higher limit? Let us know and we can look into it for you."
I forgot my password/username. How can I log in?,"You can recover your login details by clicking ""Forgot Username or Password"" on the Bank Login Page. Follow the on-screen instructions to reset your credentials via email or SMS."
Do you offer student accounts?,Yes! Our student account has no monthly fees and comes with a free debit card. Just bring your student ID and proof of enrollment. 
Hi,"Hello! I'm ACB Assist. I can help with accounts, loans, cards, FOREX, branches and more. What are you looking for today?"
Hello,"Hello! I'm ACB Assist. I can help with accounts, loans, cards, FOREX, branches and more. What are you looking for today?"
Hey there,"Hello! I'm ACB Assist. I can help with accounts, loans, cards, FOREX, branches and more. What are you looking for today?"
Good morning,"Hello! I'm ACB Assist. I can help with accounts, loans, cards, FOREX, branches and more. What are you looking for today?"
Good afternoon,"Hello! I'm ACB Assist. I can help with accounts, loans, cards, FOREX, branches and more. What are you looking for today?"
What do you know about?,"I can help with account opening, savings and chequing, loans and mortgages, credit and debit cards, digital banking, transfers, FOREX rates, fees, branch and ATM locations, and business banking. Just ask."
What topics can you answer?,"I can help with account opening, savings and chequing, loans and mortgages, credit and debit cards, digital banking, transfers, FOREX rates, fees, branch and ATM locations, and business banking. Just ask."
How can you help?,"I can help with account opening, savings and chequing, loans and mortgages, credit and debit cards, digital banking, transfers, FOREX rates, fees, branch and ATM locations, and business banking. Just ask."
help,"I can help with account opening, savings and chequing, loans and mortgages, credit and debit cards, digital banking, transfers, FOREX rates, fees, branch and ATM locations, and business banking. Just ask."
Can you see my account?,"I can help with general information about our products and services, but I don't have access to your personal account details. For anything account-specific, please log in to online banking or call us on 1-268-481-4200."
Do you know my balance?,"I can help with general information about our products and services, but I don't have access to your personal account details. For anything account-specific, please log in to online banking or call us on 1-268-481-4200."
Can you look up my details?,"I can help with general information about our products and services, but I don't have access to your personal account details. For anything account-specific, please log in to online banking or call us on 1-268-481-4200."
Why can't you tell me about my account?,"I can help with general information about our products and services, but I don't have access to your personal account details. For anything account-specific, please log in to online banking or call us on 1-268-481-4200."
Do you have access to my information?,"I can help with general information about our products and services, but I don't have access to your personal account details. For anything account-specific, please log in to online banking or call us on 1-268-481-4200."
What are you?,"I'm ACB Assist, ACB Caribbean's virtual assistant. I can answer questions about our products and services, point you to the right application form, or put you in touch with a person."
Are you a real person?,"I'm ACB Assist, ACB Caribbean's virtual assistant. I can answer questions about our products and services, point you to the right application form, or put you in touch with a person."
Are you a bot?,"I'm ACB Assist, ACB Caribbean's virtual assistant. I can answer questions about our products and services, point you to the right application form, or put you in touch with a person."
What can you do?,"I'm ACB Assist, ACB Caribbean's virtual assistant. I can answer questions about our products and services, point you to the right application form, or put you in touch with a person."
Are you available all the time?,"I'm here whenever you need. If you'd rather speak with someone, call 1-268-481-4200 or email customerservice@acbonline.com."
Can I chat with you at night?,"I'm here whenever you need. If you'd rather speak with someone, call 1-268-481-4200 or email customerservice@acbonline.com."
What hours are you available?,"I'm here whenever you need. If you'd rather speak with someone, call 1-268-481-4200 or email customerservice@acbonline.com."
Are you online 24/7?,"I'm here whenever you need. If you'd rather speak with someone, call 1-268-481-4200 or email customerservice@acbonline.com."
I have a question you might not know,"I'm not certain I've got that right, and I'd rather not guess on something that matters. Let me point you to our team — 1-268-481-4200, or customerservice@acbonline.com."
Can you answer anything?,"I'm not certain I've got that right, and I'd rather not guess on something that matters. Let me point you to our team — 1-268-481-4200, or customerservice@acbonline.com."
What if you don't know the answer?,"I'm not certain I've got that right, and I'd rather not guess on something that matters. Let me point you to our team — 1-268-481-4200, or customerservice@acbonline.com."
Are you always right?,"I'm not certain I've got that right, and I'd rather not guess on something that matters. Let me point you to our team — 1-268-481-4200, or customerservice@acbonline.com."
I don't understand,"No problem at all. Could you rephrase that, or tell me which area you're interested in — accounts, loans, cards, transfers, FOREX, or branches?"
That's not what I meant,"No problem at all. Could you rephrase that, or tell me which area you're interested in — accounts, loans, cards, transfers, FOREX, or branches?"
You didn't answer my question,"No problem at all. Could you rephrase that, or tell me which area you're interested in — accounts, loans, cards, transfers, FOREX, or branches?"
Can you explain that differently?,"No problem at all. Could you rephrase that, or tell me which area you're interested in — accounts, loans, cards, transfers, FOREX, or branches?"
huh?,"No problem at all. Could you rephrase that, or tell me which area you're interested in — accounts, loans, cards, transfers, FOREX, or branches?"
Goodbye,Thanks for banking with ACB Caribbean. Have a great day!
Bye,Thanks for banking with ACB Caribbean. Have a great day!
See you later,Thanks for banking with ACB Caribbean. Have a great day!
That's all,Thanks for banking with ACB Caribbean. Have a great day!
I'm done,Thanks for banking with ACB Caribbean. Have a great day!
bye bye,Thanks for banking with ACB Caribbean. Have a great day!
Thank you,You're very welcome. Anything else I can help you with?
Thanks,You're very welcome. Anything else I can help you with?
Thanks a lot,You're very welcome. Anything else I can help you with?
Appreciate it,You're very welcome. Anything else I can help you with?
Cheers,You're very welcome. Anything else I can help you with?
thank you so much,You're very welcome. Anything else I can help you with?
What does ACB stand for?,"ACB stands for Antigua Commercial Bank. Our full name is Antigua Commercial Bank Caribbean Ltd., and we trade as ACB Caribbean."
What's your full company name?,"ACB stands for Antigua Commercial Bank. Our full name is Antigua Commercial Bank Caribbean Ltd., and we trade as ACB Caribbean."
Who are you?,"ACB stands for Antigua Commercial Bank. Our full name is Antigua Commercial Bank Caribbean Ltd., and we trade as ACB Caribbean."
What's the bank's official name?,"ACB stands for Antigua Commercial Bank. Our full name is Antigua Commercial Bank Caribbean Ltd., and we trade as ACB Caribbean."
Do you have any promotions?,Details of any current promotions or campaigns are published on our website and social channels. It's worth checking there or asking at a branch.
Are there any special offers?,Details of any current promotions or campaigns are published on our website and social channels. It's worth checking there or asking at a branch.
Any current deals?,Details of any current promotions or campaigns are published on our website and social channels. It's worth checking there or asking at a branch.
Is there a promotion running?,Details of any current promotions or campaigns are published on our website and social channels. It's worth checking there or asking at a branch.
What is Simply Smarter Banking?,"Our tagline is 'Simply Smarter Banking' — it's about delivering cutting-edge financial solutions with unmatched customer service, staying agile and embracing technology to keep things simple but smart."
What's your slogan?,"Our tagline is 'Simply Smarter Banking' — it's about delivering cutting-edge financial solutions with unmatched customer service, staying agile and embracing technology to keep things simple but smart."
What does your tagline mean?,"Our tagline is 'Simply Smarter Banking' — it's about delivering cutting-edge financial solutions with unmatched customer service, staying agile and embracing technology to keep things simple but smart."
Tell me about your brand promise,"Our tagline is 'Simply Smarter Banking' — it's about delivering cutting-edge financial solutions with unmatched customer service, staying agile and embracing technology to keep things simple but smart."
Do you have property auctions?,We host auctions of repossessed properties from time to time. Details of any current listings are published on our website.
Are there properties for sale?,We host auctions of repossessed properties from time to time. Details of any current listings are published on our website.
Where can I find auction listings?,We host auctions of repossessed properties from time to time. Details of any current listings are published on our website.
Do you sell repossessed property?,We host auctions of repossessed properties from time to time. Details of any current listings are published on our website.
What services does ACB offer?,"We offer personal banking with savings and chequing accounts, business and corporate banking, loans, credit cards, mortgages, foreign exchange, and investment and wealth management services."
What kind of bank are you?,"We offer personal banking with savings and chequing accounts, business and corporate banking, loans, credit cards, mortgages, foreign exchange, and investment and wealth management services."
What can you help me with?,"We offer personal banking with savings and chequing accounts, business and corporate banking, loans, credit cards, mortgages, foreign exchange, and investment and wealth management services."
Give me an overview of your products,"We offer personal banking with savings and chequing accounts, business and corporate banking, loans, credit cards, mortgages, foreign exchange, and investment and wealth management services."
What do you do?,"We offer personal banking with savings and chequing accounts, business and corporate banking, loans, credit cards, mortgages, foreign exchange, and investment and wealth management services."
Where does ACB operate?,"We operate in Antigua & Barbuda and Grenada, with branches and ATMs across both territories."
Which countries are you in?,"We operate in Antigua & Barbuda and Grenada, with branches and ATMs across both territories."
Do you operate outside Antigua?,"We operate in Antigua & Barbuda and Grenada, with branches and ATMs across both territories."
What territories do you serve?,"We operate in Antigua & Barbuda and Grenada, with branches and ATMs across both territories."
Where can I find ACB news?,"We publish updates and announcements on our website's news section, and share them on Instagram, Facebook, YouTube and LinkedIn."
Do you have announcements?,"We publish updates and announcements on our website's news section, and share them on Instagram, Facebook, YouTube and LinkedIn."
How do I keep up with ACB updates?,"We publish updates and announcements on our website's news section, and share them on Instagram, Facebook, YouTube and LinkedIn."
Where do you post news?,"We publish updates and announcements on our website's news section, and share them on Instagram, Facebook, YouTube and LinkedIn."
When was ACB founded?,"We were founded in 1955, which makes us 70 years old. We serve Antigua & Barbuda and Grenada."
How old is the bank?,"We were founded in 1955, which makes us 70 years old. We serve Antigua & Barbuda and Grenada."
How long have you been around?,"We were founded in 1955, which makes us 70 years old. We serve Antigua & Barbuda and Grenada."
What year did ACB start?,"We were founded in 1955, which makes us 70 years old. We serve Antigua & Barbuda and Grenada."
Tell me about your history,"We were founded in 1955, which makes us 70 years old. We serve Antigua & Barbuda and Grenada."
What is ACB's mission?,"We're focused on creating shared value and financial empowerment for our stakeholders through exceptional, community-focused financial services."
What do you stand for?,"We're focused on creating shared value and financial empowerment for our stakeholders through exceptional, community-focused financial services."
What are your values?,"We're focused on creating shared value and financial empowerment for our stakeholders through exceptional, community-focused financial services."
What's your core purpose?,"We're focused on creating shared value and financial empowerment for our stakeholders through exceptional, community-focused financial services."
Can I open an account for my child?,Absolutely — a parent or guardian can open a Junior Savings Account on a child's behalf. Bring your own ID plus the child's birth certificate.
How do I open an account for my kid?,Absolutely — a parent or guardian can open a Junior Savings Account on a child's behalf. Bring your own ID plus the child's birth certificate.
Can minors have an account?,Absolutely — a parent or guardian can open a Junior Savings Account on a child's behalf. Bring your own ID plus the child's birth certificate.
What do I need to open an account for my daughter?,Absolutely — a parent or guardian can open a Junior Savings Account on a child's behalf. Bring your own ID plus the child's birth certificate.
How do I close my account?,"Closing an account is done in branch. Bring your identification, and note that closure within 180 days carries a fee — $60 within 30 days, $50 within 90, and $40 within 180."
I want to close my account,"Closing an account is done in branch. Bring your identification, and note that closure within 180 days carries a fee — $60 within 30 days, $50 within 90, and $40 within 180."
Can I close my account online?,"Closing an account is done in branch. Bring your identification, and note that closure within 180 days carries a fee — $60 within 30 days, $50 within 90, and $40 within 180."
What's involved in closing an account?,"Closing an account is done in branch. Bring your identification, and note that closure within 180 days carries a fee — $60 within 30 days, $50 within 90, and $40 within 180."
What can I use as proof of address?,"For proof of address we accept a recent utility bill, a bank statement, or a credit card statement — any of them no more than three months old."
How do I prove where I live?,"For proof of address we accept a recent utility bill, a bank statement, or a credit card statement — any of them no more than three months old."
Does a utility bill work for proof of address?,"For proof of address we accept a recent utility bill, a bank statement, or a credit card statement — any of them no more than three months old."
How recent does my proof of address need to be?,"For proof of address we accept a recent utility bill, a bank statement, or a credit card statement — any of them no more than three months old."
Can I use a bank statement as proof of address?,"For proof of address we accept a recent utility bill, a bank statement, or a credit card statement — any of them no more than three months old."
How long does it take to open an account?,"If you bring all your documents — two IDs including a passport, proof of address, and proof of income — the process is straightforward. Booking an appointment in advance saves waiting."
Can I open an account same day?,"If you bring all your documents — two IDs including a passport, proof of address, and proof of income — the process is straightforward. Booking an appointment in advance saves waiting."
How quickly can I start banking with you?,"If you bring all your documents — two IDs including a passport, proof of address, and proof of income — the process is straightforward. Booking an appointment in advance saves waiting."
Do I need an appointment to open an account?,"If you bring all your documents — two IDs including a passport, proof of address, and proof of income — the process is straightforward. Booking an appointment in advance saves waiting."
Do I need a tax ID number?,If you live in the USA or Canada you'll also need to supply your income tax identification number as part of the non-resident application.
I live in the US — any extra requirements?,If you live in the USA or Canada you'll also need to supply your income tax identification number as part of the non-resident application.
What do Canadian residents need to provide?,If you live in the USA or Canada you'll also need to supply your income tax identification number as part of the non-resident application.
Is a tax identification number required?,If you live in the USA or Canada you'll also need to supply your income tax identification number as part of the non-resident application.
How do I prove my income?,"If you're employed we'll need a letter from your employer confirming your position, years of service, and your salary or wage. If you're self-employed we'll need recent financial statements, invoices, an estimate of sales, and a completed Declaration of Income form."
What if I'm self-employed?,"If you're employed we'll need a letter from your employer confirming your position, years of service, and your salary or wage. If you're self-employed we'll need recent financial statements, invoices, an estimate of sales, and a completed Declaration of Income form."
I work for myself — what do I need to show?,"If you're employed we'll need a letter from your employer confirming your position, years of service, and your salary or wage. If you're self-employed we'll need recent financial statements, invoices, an estimate of sales, and a completed Declaration of Income form."
Do you need a job letter?,"If you're employed we'll need a letter from your employer confirming your position, years of service, and your salary or wage. If you're self-employed we'll need recent financial statements, invoices, an estimate of sales, and a completed Declaration of Income form."
What income documents do you require?,"If you're employed we'll need a letter from your employer confirming your position, years of service, and your salary or wage. If you're self-employed we'll need recent financial statements, invoices, an estimate of sales, and a completed Declaration of Income form."
How do I change my name on my account?,"Name changes need to be done in branch with supporting documentation — a marriage certificate or deed poll, along with your updated identification."
"I got married, how do I update my name?","Name changes need to be done in branch with supporting documentation — a marriage certificate or deed poll, along with your updated identification."
What do I need for a name change?,"Name changes need to be done in branch with supporting documentation — a marriage certificate or deed poll, along with your updated identification."
Do I need a passport to open an account?,One of your two IDs has to be a valid passport showing your photo and signature. The second can be a driver's licence or voter's ID card.
Can I use my driver's licence instead of a passport?,One of your two IDs has to be a valid passport showing your photo and signature. The second can be a driver's licence or voter's ID card.
Is a voter's ID accepted?,One of your two IDs has to be a valid passport showing your photo and signature. The second can be a driver's licence or voter's ID card.
What counts as valid ID at ACB?,One of your two IDs has to be a valid passport showing your photo and signature. The second can be a driver's licence or voter's ID card.
Which forms of identification do you accept?,One of your two IDs has to be a valid passport showing your photo and signature. The second can be a driver's licence or voter's ID card.
What do I need to open an account?,To open an account you'll need two government-issued photo IDs — one of them must be a valid passport — plus proof of address and proof of income. Would you like the full checklist?
What paperwork do I bring to open an account?,To open an account you'll need two government-issued photo IDs — one of them must be a valid passport — plus proof of address and proof of income. Would you like the full checklist?
Tell me what's needed to open an account,To open an account you'll need two government-issued photo IDs — one of them must be a valid passport — plus proof of address and proof of income. Would you like the full checklist?
"I want to open an account, what should I bring?",To open an account you'll need two government-issued photo IDs — one of them must be a valid passport — plus proof of address and proof of income. Would you like the full checklist?
requirements to open account,To open an account you'll need two government-issued photo IDs — one of them must be a valid passport — plus proof of address and proof of income. Would you like the full checklist?
Do you have AML requirements?,Yes — every applicant has to meet Anti-Money Laundering criteria. That's why we ask for identity verification and source of funds documentation up front.
What is AML and why does it matter?,Yes — every applicant has to meet Anti-Money Laundering criteria. That's why we ask for identity verification and source of funds documentation up front.
Why do you need so much documentation?,Yes — every applicant has to meet Anti-Money Laundering criteria. That's why we ask for identity verification and source of funds documentation up front.
Are there anti-money laundering checks?,Yes — every applicant has to meet Anti-Money Laundering criteria. That's why we ask for identity verification and source of funds documentation up front.
Do I need to explain where my money came from?,"Yes — we also ask for documentation showing the original source of your wealth. That could be savings statements, a pension letter, property sale correspondence, inheritance documents, or a maturing life policy statement."
What is a source of funds declaration?,"Yes — we also ask for documentation showing the original source of your wealth. That could be savings statements, a pension letter, property sale correspondence, inheritance documents, or a maturing life policy statement."
Why do you need to know my source of wealth?,"Yes — we also ask for documentation showing the original source of your wealth. That could be savings statements, a pension letter, property sale correspondence, inheritance documents, or a maturing life policy statement."
Do you ask about source of funds?,"Yes — we also ask for documentation showing the original source of your wealth. That could be savings statements, a pension letter, property sale correspondence, inheritance documents, or a maturing life policy statement."
What documents show source of wealth?,"Yes — we also ask for documentation showing the original source of your wealth. That could be savings statements, a pension letter, property sale correspondence, inheritance documents, or a maturing life policy statement."
Can I open a US dollar account?,Yes — you can hold accounts in both Eastern Caribbean Dollars and US Dollars. Chequing accounts in particular are offered in both currencies.
Do you offer foreign currency accounts?,Yes — you can hold accounts in both Eastern Caribbean Dollars and US Dollars. Chequing accounts in particular are offered in both currencies.
Can I hold USD with ACB?,Yes — you can hold accounts in both Eastern Caribbean Dollars and US Dollars. Chequing accounts in particular are offered in both currencies.
What currencies can my account be in?,Yes — you can hold accounts in both Eastern Caribbean Dollars and US Dollars. Chequing accounts in particular are offered in both currencies.
Can I open a joint account?,"Yes — you can open a joint account. Every account holder needs to supply the same identification, proof of address, and proof of income documents."
How do joint accounts work?,"Yes — you can open a joint account. Every account holder needs to supply the same identification, proof of address, and proof of income documents."
Can my spouse and I share an account?,"Yes — you can open a joint account. Every account holder needs to supply the same identification, proof of address, and proof of income documents."
What do we need for a joint account?,"Yes — you can open a joint account. Every account holder needs to supply the same identification, proof of address, and proof of income documents."
Can non-residents open an account?,"Yes, non-residents can open an account with us. You'll need notarised copies of a reference letter from a financial institution, a valid photo ID showing nationality, two reference letters from two different well-known banks addressed to ACB Caribbean, a job letter, and a signed Source of Funds Declaration."
I don't live in Antigua — can I still bank with you?,"Yes, non-residents can open an account with us. You'll need notarised copies of a reference letter from a financial institution, a valid photo ID showing nationality, two reference letters from two different well-known banks addressed to ACB Caribbean, a job letter, and a signed Source of Funds Declaration."
Can a foreigner open an ACB account?,"Yes, non-residents can open an account with us. You'll need notarised copies of a reference letter from a financial institution, a valid photo ID showing nationality, two reference letters from two different well-known banks addressed to ACB Caribbean, a job letter, and a signed Source of Funds Declaration."
What do overseas customers need to open an account?,"Yes, non-residents can open an account with us. You'll need notarised copies of a reference letter from a financial institution, a valid photo ID showing nationality, two reference letters from two different well-known banks addressed to ACB Caribbean, a job letter, and a signed Source of Funds Declaration."
"I'm not a resident, can I open an account?","Yes, non-residents can open an account with us. You'll need notarised copies of a reference letter from a financial institution, a valid photo ID showing nationality, two reference letters from two different well-known banks addressed to ACB Caribbean, a job letter, and a signed Source of Funds Declaration."
Can I have more than one account?,"Yes, you can hold more than one account with us — many customers keep a chequing account for daily spending and a savings account for goals."
Can I open a second account?,"Yes, you can hold more than one account with us — many customers keep a chequing account for daily spending and a savings account for goals."
How many accounts can I have?,"Yes, you can hold more than one account with us — many customers keep a chequing account for daily spending and a savings account for goals."
Is it possible to have both savings and chequing?,"Yes, you can hold more than one account with us — many customers keep a chequing account for daily spending and a savings account for goals."
How do I add someone to my account?,"You can add or remove a signatory in branch. All parties need to be present with valid identification, and for business accounts a company resolution is required."
Can I add a signatory?,"You can add or remove a signatory in branch. All parties need to be present with valid identification, and for business accounts a company resolution is required."
How do I remove someone from a joint account?,"You can add or remove a signatory in branch. All parties need to be present with valid identification, and for business accounts a company resolution is required."
Adding a second person to my account,"You can add or remove a signatory in branch. All parties need to be present with valid identification, and for business accounts a company resolution is required."
How do I open an account?,"You can apply online through the Accounts Application Form on our website, come into any branch, or call us on 1-268-481-4200 and we'll get you started."
Can I open an account online?,"You can apply online through the Accounts Application Form on our website, come into any branch, or call us on 1-268-481-4200 and we'll get you started."
Where do I apply for a new account?,"You can apply online through the Accounts Application Form on our website, come into any branch, or call us on 1-268-481-4200 and we'll get you started."
Is there an online application form?,"You can apply online through the Accounts Application Form on our website, come into any branch, or call us on 1-268-481-4200 and we'll get you started."
What's the fastest way to open an account?,"You can apply online through the Accounts Application Form on our website, come into any branch, or call us on 1-268-481-4200 and we'll get you started."
how to open account,"You can apply online through the Accounts Application Form on our website, come into any branch, or call us on 1-268-481-4200 and we'll get you started."
How do I change my address?,"You can update your address, phone number or email by visiting any branch with your identification. For security reasons we don't change contact details over chat."
"I moved, how do I update my details?","You can update your address, phone number or email by visiting any branch with your identification. For security reasons we don't change contact details over chat."
How do I change my phone number on file?,"You can update your address, phone number or email by visiting any branch with your identification. For security reasons we don't change contact details over chat."
Can I update my email address?,"You can update your address, phone number or email by visiting any branch with your identification. For security reasons we don't change contact details over chat."
I need to change my contact information,"You can update your address, phone number or email by visiting any branch with your identification. For security reasons we don't change contact details over chat."
What if I don't have all the documents?,"You'll need to be able to provide two government-issued photo IDs, one of which must be a passport, along with proof of address and proof of income. If you're missing something, give us a call and we'll advise."
"I don't have a passport, what now?","You'll need to be able to provide two government-issued photo IDs, one of which must be a passport, along with proof of address and proof of income. If you're missing something, give us a call and we'll advise."
Can I open an account without a job letter?,"You'll need to be able to provide two government-issued photo IDs, one of which must be a passport, along with proof of address and proof of income. If you're missing something, give us a call and we'll advise."
What if I'm missing paperwork?,"You'll need to be able to provide two government-issued photo IDs, one of which must be a passport, along with proof of address and proof of income. If you're missing something, give us a call and we'll advise."
What's the difference between savings and chequing?,"A savings account earns interest — 2% per annum on our standard product — and is meant for money you're setting aside. A chequing account is for day-to-day spending and bill payments, comes with a cheque book, and carries a $20 monthly service charge."
Should I get savings or chequing?,"A savings account earns interest — 2% per annum on our standard product — and is meant for money you're setting aside. A chequing account is for day-to-day spending and bill payments, comes with a cheque book, and carries a $20 monthly service charge."
"Which is better, a savings or current account?","A savings account earns interest — 2% per annum on our standard product — and is meant for money you're setting aside. A chequing account is for day-to-day spending and bill payments, comes with a cheque book, and carries a $20 monthly service charge."
Explain savings versus chequing,"A savings account earns interest — 2% per annum on our standard product — and is meant for money you're setting aside. A chequing account is for day-to-day spending and bill payments, comes with a cheque book, and carries a $20 monthly service charge."
What does it cost to close a dormant account?,"Closing a dormant account costs $25. If an account has simply gone inactive, reactivating it is $10."
How do I reactivate a dormant account?,"Closing a dormant account costs $25. If an account has simply gone inactive, reactivating it is $10."
My account went inactive — what now?,"Closing a dormant account costs $25. If an account has simply gone inactive, reactivating it is $10."
Is there a fee for a dormant account?,"Closing a dormant account costs $25. If an account has simply gone inactive, reactivating it is $10."
"I just had a baby, what account should I open?","Congratulations! A Junior Savings Account is a lovely way to start — $100 opens it, there's a gift when you open, and it earns 2.25% per annum with a passbook so your child can watch it grow."
How do I start saving for my child's future?,"Congratulations! A Junior Savings Account is a lovely way to start — $100 opens it, there's a gift when you open, and it earns 2.25% per annum with a passbook so your child can watch it grow."
Best account for a newborn?,"Congratulations! A Junior Savings Account is a lovely way to start — $100 opens it, there's a gift when you open, and it earns 2.25% per annum with a passbook so your child can watch it grow."
I want to save for my kid's education,"Congratulations! A Junior Savings Account is a lovely way to start — $100 opens it, there's a gift when you open, and it earns 2.25% per annum with a passbook so your child can watch it grow."
I want to save for something specific,"For a specific savings goal the Golden Savings Account is worth a look — 2.25% per annum with monthly deposits in multiples of $100. If you'd rather keep full access to your money, the standard Savings Account at 2% may suit better."
Which account helps me save for a goal?,"For a specific savings goal the Golden Savings Account is worth a look — 2.25% per annum with monthly deposits in multiples of $100. If you'd rather keep full access to your money, the standard Savings Account at 2% may suit better."
How should I save for a deposit?,"For a specific savings goal the Golden Savings Account is worth a look — 2.25% per annum with monthly deposits in multiples of $100. If you'd rather keep full access to your money, the standard Savings Account at 2% may suit better."
Best account for building savings?,"For a specific savings goal the Golden Savings Account is worth a look — 2.25% per annum with monthly deposits in multiples of $100. If you'd rather keep full access to your money, the standard Savings Account at 2% may suit better."
What is Freedom 55?,"Freedom 55 is exclusively for customers aged 55 and over. It pays 2.1% per annum, has no monthly service charge, and requires a $10,000 minimum opening balance."
Tell me about the Freedom 55 account,"Freedom 55 is exclusively for customers aged 55 and over. It pays 2.1% per annum, has no monthly service charge, and requires a $10,000 minimum opening balance."
Do you have accounts for seniors?,"Freedom 55 is exclusively for customers aged 55 and over. It pays 2.1% per annum, has no monthly service charge, and requires a $10,000 minimum opening balance."
What's the rate on Freedom 55?,"Freedom 55 is exclusively for customers aged 55 and over. It pays 2.1% per annum, has no monthly service charge, and requires a $10,000 minimum opening balance."
Is there an account for older customers?,"Freedom 55 is exclusively for customers aged 55 and over. It pays 2.1% per annum, has no monthly service charge, and requires a $10,000 minimum opening balance."
freedom 55 details,"Freedom 55 is exclusively for customers aged 55 and over. It pays 2.1% per annum, has no monthly service charge, and requires a $10,000 minimum opening balance."
What if my Freedom 55 balance drops?,"If a Freedom 55 balance falls below $10,000 the account is treated as a regular savings account and the benefits are paused until the balance is restored."
Do I lose Freedom 55 benefits if my balance falls?,"If a Freedom 55 balance falls below $10,000 the account is treated as a regular savings account and the benefits are paused until the balance is restored."
What's the minimum balance for Freedom 55?,"If a Freedom 55 balance falls below $10,000 the account is treated as a regular savings account and the benefits are paused until the balance is restored."
Does Freedom 55 have a balance requirement?,"If a Freedom 55 balance falls below $10,000 the account is treated as a regular savings account and the benefits are paused until the balance is restored."
What interest does a junior account earn?,"Junior Savings earns 2.25% per annum — higher than our standard savings rate — and interest is paid quarterly in March, June, September and December."
How much does junior savings pay?,"Junior Savings earns 2.25% per annum — higher than our standard savings rate — and interest is paid quarterly in March, June, September and December."
When is interest paid on junior savings?,"Junior Savings earns 2.25% per annum — higher than our standard savings rate — and interest is paid quarterly in March, June, September and December."
Does the kids account earn more interest?,"Junior Savings earns 2.25% per annum — higher than our standard savings rate — and interest is paid quarterly in March, June, September and December."
What's the interest rate on a savings account?,"Our standard Savings Account earns 2% per annum, with interest calculated monthly."
How much interest will I earn on savings?,"Our standard Savings Account earns 2% per annum, with interest calculated monthly."
What does a regular savings account pay?,"Our standard Savings Account earns 2% per annum, with interest calculated monthly."
savings account interest rate,"Our standard Savings Account earns 2% per annum, with interest calculated monthly."
How often is savings interest calculated?,"Our standard Savings Account earns 2% per annum, with interest calculated monthly."
What is the Golden Savings Account?,The Golden Savings Account is designed for saving toward a specific goal. It earns 2.25% per annum and requires monthly deposits in multiples of $100.
Tell me about golden savings,The Golden Savings Account is designed for saving toward a specific goal. It earns 2.25% per annum and requires monthly deposits in multiples of $100.
Which account is best for a savings goal?,The Golden Savings Account is designed for saving toward a specific goal. It earns 2.25% per annum and requires monthly deposits in multiples of $100.
What rate does golden savings pay?,The Golden Savings Account is designed for saving toward a specific goal. It earns 2.25% per annum and requires monthly deposits in multiples of $100.
How do golden savings deposits work?,The Golden Savings Account is designed for saving toward a specific goal. It earns 2.25% per annum and requires monthly deposits in multiples of $100.
What is the Junior Savings Account?,The Junior Savings Account is built to help young savers form good habits early. It comes with a savings passbook so children can watch their money grow.
Tell me about junior savings,The Junior Savings Account is built to help young savers form good habits early. It comes with a savings passbook so children can watch their money grow.
Do you have accounts for children?,The Junior Savings Account is built to help young savers form good habits early. It comes with a savings passbook so children can watch their money grow.
Is there a kids savings account?,The Junior Savings Account is built to help young savers form good habits early. It comes with a savings passbook so children can watch their money grow.
What's a junior account?,The Junior Savings Account is built to help young savers form good habits early. It comes with a savings passbook so children can watch their money grow.
What savings accounts do you offer?,"We offer four savings products: the standard Savings Account, Junior Savings for young savers, Golden Savings for goal-based saving, and Freedom 55 for customers aged 55 and over."
What types of savings are available?,"We offer four savings products: the standard Savings Account, Junior Savings for young savers, Golden Savings for goal-based saving, and Freedom 55 for customers aged 55 and over."
Tell me about your savings options,"We offer four savings products: the standard Savings Account, Junior Savings for young savers, Golden Savings for goal-based saving, and Freedom 55 for customers aged 55 and over."
Which savings account should I choose?,"We offer four savings products: the standard Savings Account, Junior Savings for young savers, Golden Savings for goal-based saving, and Freedom 55 for customers aged 55 and over."
list your savings accounts,"We offer four savings products: the standard Savings Account, Junior Savings for young savers, Golden Savings for goal-based saving, and Freedom 55 for customers aged 55 and over."
When can I withdraw from golden savings?,"With Golden Savings you can withdraw once you've made 12 consecutive monthly deposits. Withdrawing earlier carries a penalty of $50 or the interest earned, whichever is higher."
Is there a penalty for early withdrawal?,"With Golden Savings you can withdraw once you've made 12 consecutive monthly deposits. Withdrawing earlier carries a penalty of $50 or the interest earned, whichever is higher."
What happens if I take money out of golden savings early?,"With Golden Savings you can withdraw once you've made 12 consecutive monthly deposits. Withdrawing earlier carries a penalty of $50 or the interest earned, whichever is higher."
How long before I can access golden savings?,"With Golden Savings you can withdraw once you've made 12 consecutive monthly deposits. Withdrawing earlier carries a penalty of $50 or the interest earned, whichever is higher."
What's the minimum to open a savings account?,You can open a Savings Account with $100. If your balance drops below $100 a $10 monthly fee applies.
How much do I need to start saving?,You can open a Savings Account with $100. If your balance drops below $100 a $10 monthly fee applies.
Is there a minimum balance on savings?,You can open a Savings Account with $100. If your balance drops below $100 a $10 monthly fee applies.
What happens if my savings balance goes below the minimum?,You can open a Savings Account with $100. If your balance drops below $100 a $10 monthly fee applies.
Do I get charged if my savings balance is low?,You can open a Savings Account with $100. If your balance drops below $100 a $10 monthly fee applies.
How much to open a junior savings account?,"You can start a Junior Savings Account with as little as $100, and there's a special gift when the account is opened. Deposits can be made as often as you like."
Is there a gift for opening a junior account?,"You can start a Junior Savings Account with as little as $100, and there's a special gift when the account is opened. Deposits can be made as often as you like."
Can we deposit into junior savings anytime?,"You can start a Junior Savings Account with as little as $100, and there's a special gift when the account is opened. Deposits can be made as often as you like."
What's the minimum for a child's account?,"You can start a Junior Savings Account with as little as $100, and there's a special gift when the account is opened. Deposits can be made as often as you like."
How many free transactions do I get on savings?,"You get 2 free in-branch transactions each month. After that it's $5 per transaction, and third-party transactions are $15."
What does an in-branch transaction cost?,"You get 2 free in-branch transactions each month. After that it's $5 per transaction, and third-party transactions are $15."
Are savings transactions free?,"You get 2 free in-branch transactions each month. After that it's $5 per transaction, and third-party transactions are $15."
What's the fee for a third-party transaction?,"You get 2 free in-branch transactions each month. After that it's $5 per transaction, and third-party transactions are $15."
How much per transaction after the free ones?,"You get 2 free in-branch transactions each month. After that it's $5 per transaction, and third-party transactions are $15."
Am I eligible for Freedom 55?,"You need to be 55 or older to qualify for a Freedom 55 account. If you're not there yet, our standard Savings Account may suit you better."
What age do I have to be for Freedom 55?,"You need to be 55 or older to qualify for a Freedom 55 account. If you're not there yet, our standard Savings Account may suit you better."
I'm 50 — can I get Freedom 55?,"You need to be 55 or older to qualify for a Freedom 55 account. If you're not there yet, our standard Savings Account may suit you better."
Who qualifies for Freedom 55?,"You need to be 55 or older to qualify for a Freedom 55 account. If you're not there yet, our standard Savings Account may suit you better."
What is a personal chequing account?,"A Personal Chequing Account is built for everyday spending, bill payments and receiving income. It comes with a cheque book and full access to our digital banking tools."
Tell me about chequing accounts,"A Personal Chequing Account is built for everyday spending, bill payments and receiving income. It comes with a cheque book and full access to our digital banking tools."
Do you offer a current account?,"A Personal Chequing Account is built for everyday spending, bill payments and receiving income. It comes with a cheque book and full access to our digital banking tools."
What's a chequing account used for?,"A Personal Chequing Account is built for everyday spending, bill payments and receiving income. It comes with a cheque book and full access to our digital banking tools."
Do I get a cheque book?,"A Personal Chequing Account is built for everyday spending, bill payments and receiving income. It comes with a cheque book and full access to our digital banking tools."
How much is a cheque book?,A cheque book costs $5 plus the cost of printing and Stamp Duty.
What does it cost to order cheques?,A cheque book costs $5 plus the cost of printing and Stamp Duty.
How do I order a new cheque book?,A cheque book costs $5 plus the cost of printing and Stamp Duty.
Price of a chequebook?,A cheque book costs $5 plus the cost of printing and Stamp Duty.
What's the NSF fee?,A returned cheque due to non-sufficient funds carries a $100 fee. It's worth keeping a buffer in the account to avoid it.
What happens if my cheque bounces?,A returned cheque due to non-sufficient funds carries a $100 fee. It's worth keeping a buffer in the account to avoid it.
How much is a returned cheque?,A returned cheque due to non-sufficient funds carries a $100 fee. It's worth keeping a buffer in the account to avoid it.
What does non-sufficient funds cost me?,A returned cheque due to non-sufficient funds carries a $100 fee. It's worth keeping a buffer in the account to avoid it.
bounced cheque fee,A returned cheque due to non-sufficient funds carries a $100 fee. It's worth keeping a buffer in the account to avoid it.
What is the Smart Access Account?,"The ACB Smart Access Account is designed for straightforward, convenient access to your funds — a simpler option for customers who don't need the full range of chequing features."
Tell me about ACB Smart Access,"The ACB Smart Access Account is designed for straightforward, convenient access to your funds — a simpler option for customers who don't need the full range of chequing features."
How is Smart Access different from chequing?,"The ACB Smart Access Account is designed for straightforward, convenient access to your funds — a simpler option for customers who don't need the full range of chequing features."
What's the smart access account for?,"The ACB Smart Access Account is designed for straightforward, convenient access to your funds — a simpler option for customers who don't need the full range of chequing features."
smart access account info,"The ACB Smart Access Account is designed for straightforward, convenient access to your funds — a simpler option for customers who don't need the full range of chequing features."
Can I get a US dollar chequing account?,Yes — chequing accounts are available in both EC$ and US$. Charges on a USD account are applied in US currency.
Do you have USD chequing?,Yes — chequing accounts are available in both EC$ and US$. Charges on a USD account are applied in US currency.
Are chequing accounts available in other currencies?,Yes — chequing accounts are available in both EC$ and US$. Charges on a USD account are applied in US currency.
How are fees charged on a USD account?,Yes — chequing accounts are available in both EC$ and US$. Charges on a USD account are applied in US currency.
How many free transactions on chequing?,"You get 2 free debit items each month. After that debits are $1.50 each, and credits are also $1.50 each."
What does a debit item cost?,"You get 2 free debit items each month. After that debits are $1.50 each, and credits are also $1.50 each."
Are chequing transactions free?,"You get 2 free debit items each month. After that debits are $1.50 each, and credits are also $1.50 each."
How much per item on a chequing account?,"You get 2 free debit items each month. After that debits are $1.50 each, and credits are also $1.50 each."
How much to open a chequing account?,"You need $300 to open a Personal Chequing Account, and there's a $20 monthly service charge."
What's the monthly fee on chequing?,"You need $300 to open a Personal Chequing Account, and there's a $20 monthly service charge."
Is there a service charge on chequing?,"You need $300 to open a Personal Chequing Account, and there's a $20 monthly service charge."
Minimum balance for a chequing account?,"You need $300 to open a Personal Chequing Account, and there's a $20 monthly service charge."
What does a chequing account cost per month?,"You need $300 to open a Personal Chequing Account, and there's a $20 monthly service charge."
What's the difference between debit and credit cards?,A debit card draws directly from your account balance. A credit card gives you a revolving line of credit that you repay — with interest at 19.50% or 21% per annum depending on whether you take the rewards option.
Should I get a debit or credit card?,A debit card draws directly from your account balance. A credit card gives you a revolving line of credit that you repay — with interest at 19.50% or 21% per annum depending on whether you take the rewards option.
How is a credit card different from a debit card?,A debit card draws directly from your account balance. A credit card gives you a revolving line of credit that you repay — with interest at 19.50% or 21% per annum depending on whether you take the rewards option.
Explain debit vs credit,A debit card draws directly from your account balance. A credit card gives you a revolving line of credit that you repay — with interest at 19.50% or 21% per annum depending on whether you take the rewards option.
What is an ACB Smart Card?,ACB Smart Cards are our debit cards. They let you access your account at ATMs and pay at Point-of-Sale terminals. We offer Classic and Gold tiers.
Tell me about your debit cards,ACB Smart Cards are our debit cards. They let you access your account at ATMs and pay at Point-of-Sale terminals. We offer Classic and Gold tiers.
Do you offer a debit card?,ACB Smart Cards are our debit cards. They let you access your account at ATMs and pay at Point-of-Sale terminals. We offer Classic and Gold tiers.
What debit card options are there?,ACB Smart Cards are our debit cards. They let you access your account at ATMs and pay at Point-of-Sale terminals. We offer Classic and Gold tiers.
What's a smart card?,ACB Smart Cards are our debit cards. They let you access your account at ATMs and pay at Point-of-Sale terminals. We offer Classic and Gold tiers.
The ATM ate my card,Cards are usually captured for security reasons — often an incorrect PIN entered several times. Contact us on 1-268-481-4200 and we'll help you retrieve or replace it.
My card got stuck in the machine,Cards are usually captured for security reasons — often an incorrect PIN entered several times. Contact us on 1-268-481-4200 and we'll help you retrieve or replace it.
"The ATM kept my card, what now?",Cards are usually captured for security reasons — often an incorrect PIN entered several times. Contact us on 1-268-481-4200 and we'll help you retrieve or replace it.
Why did the ATM capture my card?,Cards are usually captured for security reasons — often an incorrect PIN entered several times. Contact us on 1-268-481-4200 and we'll help you retrieve or replace it.
Is there a foreign transaction fee on my debit card?,Currency conversion on your debit card carries a 1% fee. A balance enquiry or a declined transaction at another bank's ATM costs $1.50.
What does currency conversion cost?,Currency conversion on your debit card carries a 1% fee. A balance enquiry or a declined transaction at another bank's ATM costs $1.50.
Do you charge for balance enquiries?,Currency conversion on your debit card carries a 1% fee. A balance enquiry or a declined transaction at another bank's ATM costs $1.50.
What if my card is declined at another ATM?,Currency conversion on your debit card carries a 1% fee. A balance enquiry or a declined transaction at another bank's ATM costs $1.50.
Fee for using my card abroad?,Currency conversion on your debit card carries a 1% fee. A balance enquiry or a declined transaction at another bank's ATM costs $1.50.
My card is damaged,"If your card is damaged or worn out, visit any branch with your identification and we'll arrange a replacement."
My card won't swipe anymore,"If your card is damaged or worn out, visit any branch with your identification and we'll arrange a replacement."
How do I get a replacement card?,"If your card is damaged or worn out, visit any branch with your identification and we'll arrange a replacement."
My chip stopped working,"If your card is damaged or worn out, visit any branch with your identification and we'll arrange a replacement."
Should I tell you before I travel?,It's a good idea to let us know before you travel so your card isn't flagged for unusual activity. Call 1-268-481-4200 or tell us at any branch.
How do I set a travel notice?,It's a good idea to let us know before you travel so your card isn't flagged for unusual activity. Call 1-268-481-4200 or tell us at any branch.
Do I need to notify the bank before going overseas?,It's a good idea to let us know before you travel so your card isn't flagged for unusual activity. Call 1-268-481-4200 or tell us at any branch.
My card got blocked while travelling,It's a good idea to let us know before you travel so your card isn't flagged for unusual activity. Call 1-268-481-4200 or tell us at any branch.
My card was stolen — help,"Please contact us straight away on 1-268-481-4200 so we can block the card and protect your account. Never share your PIN with anyone, including someone claiming to be from the bank."
How do I block my debit card?,"Please contact us straight away on 1-268-481-4200 so we can block the card and protect your account. Never share your PIN with anyone, including someone claiming to be from the bank."
Someone took my bank card,"Please contact us straight away on 1-268-481-4200 so we can block the card and protect your account. Never share your PIN with anyone, including someone claiming to be from the bank."
"I can't find my card, can you freeze it?","Please contact us straight away on 1-268-481-4200 so we can block the card and protect your account. Never share your PIN with anyone, including someone claiming to be from the bank."
how to report a lost card,"Please contact us straight away on 1-268-481-4200 so we can block the card and protect your account. Never share your PIN with anyone, including someone claiming to be from the bank."
What's the difference between Classic and Gold debit cards?,The difference between Classic and Gold comes down to the tier of service and limits available. Both carry no annual fee and no monthly maintenance charge. A branch representative can walk you through which fits you best.
Should I get a Classic or Gold smart card?,The difference between Classic and Gold comes down to the tier of service and limits available. Both carry no annual fee and no monthly maintenance charge. A branch representative can walk you through which fits you best.
Compare the debit card tiers,The difference between Classic and Gold comes down to the tier of service and limits available. Both carry no annual fee and no monthly maintenance charge. A branch representative can walk you through which fits you best.
Which smart card is better?,The difference between Classic and Gold comes down to the tier of service and limits available. Both carry no annual fee and no monthly maintenance charge. A branch representative can walk you through which fits you best.
Is there a fee for a debit card?,"There's no annual fee and no monthly maintenance fee on ACB Smart Cards, whether Classic or Gold."
Does the smart card have an annual fee?,"There's no annual fee and no monthly maintenance fee on ACB Smart Cards, whether Classic or Gold."
How much does a debit card cost per year?,"There's no annual fee and no monthly maintenance fee on ACB Smart Cards, whether Classic or Gold."
Are there maintenance fees on debit cards?,"There's no annual fee and no monthly maintenance fee on ACB Smart Cards, whether Classic or Gold."
What does it cost to use my debit card?,"Using your Smart Card at ACB Caribbean ATMs and POS terminals is free. At another bank's ATM it's 2% with a $10 minimum, and there's a $1 charge at our off-site ATMs."
Are ATM withdrawals free?,"Using your Smart Card at ACB Caribbean ATMs and POS terminals is free. At another bank's ATM it's 2% with a $10 minimum, and there's a $1 charge at our off-site ATMs."
What if I use another bank's ATM?,"Using your Smart Card at ACB Caribbean ATMs and POS terminals is free. At another bank's ATM it's 2% with a $10 minimum, and there's a $1 charge at our off-site ATMs."
Is there a charge at off-site ATMs?,"Using your Smart Card at ACB Caribbean ATMs and POS terminals is free. At another bank's ATM it's 2% with a $10 minimum, and there's a $1 charge at our off-site ATMs."
debit card transaction fees,"Using your Smart Card at ACB Caribbean ATMs and POS terminals is free. At another bank's ATM it's 2% with a $10 minimum, and there's a $1 charge at our off-site ATMs."
Can I deposit money at an ATM?,"Yes — at our ATMs you can withdraw and deposit funds, transfer between accounts, check balances, and pay utility bills."
What can I do at an ACB ATM?,"Yes — at our ATMs you can withdraw and deposit funds, transfer between accounts, check balances, and pay utility bills."
Can I pay bills at the ATM?,"Yes — at our ATMs you can withdraw and deposit funds, transfer between accounts, check balances, and pay utility bills."
Do your ATMs take deposits?,"Yes — at our ATMs you can withdraw and deposit funds, transfer between accounts, check balances, and pay utility bills."
Can I transfer money at an ATM?,"Yes — at our ATMs you can withdraw and deposit funds, transfer between accounts, check balances, and pay utility bills."
Can I use my debit card overseas?,"Yes — you can use your ACB Smart Card overseas. Currency conversion carries a 1% fee, and withdrawals at non-ACB ATMs are charged at 2% with a $10 minimum."
Will my card work abroad?,"Yes — you can use your ACB Smart Card overseas. Currency conversion carries a 1% fee, and withdrawals at non-ACB ATMs are charged at 2% with a $10 minimum."
Does my ACB card work internationally?,"Yes — you can use your ACB Smart Card overseas. Currency conversion carries a 1% fee, and withdrawals at non-ACB ATMs are charged at 2% with a $10 minimum."
Can I withdraw money in another country?,"Yes — you can use your ACB Smart Card overseas. Currency conversion carries a 1% fee, and withdrawals at non-ACB ATMs are charged at 2% with a $10 minimum."
Using my card while travelling,"Yes — you can use your ACB Smart Card overseas. Currency conversion carries a 1% fee, and withdrawals at non-ACB ATMs are charged at 2% with a $10 minimum."
Can I use my card in stores?,Yes — your ACB Smart Card works at Point-of-Sale terminals at merchants across Antigua & Barbuda and beyond. POS purchases at ACB terminals are free.
Does my debit card work at shops?,Yes — your ACB Smart Card works at Point-of-Sale terminals at merchants across Antigua & Barbuda and beyond. POS purchases at ACB terminals are free.
Can I pay with my card at the supermarket?,Yes — your ACB Smart Card works at Point-of-Sale terminals at merchants across Antigua & Barbuda and beyond. POS purchases at ACB terminals are free.
Is my card accepted at POS?,Yes — your ACB Smart Card works at Point-of-Sale terminals at merchants across Antigua & Barbuda and beyond. POS purchases at ACB terminals are free.
How do I change my PIN?,"Your Smart Card is secured with a personal identification number. If you need to change your PIN or have forgotten it, visit any branch with your ID and we'll sort it out."
I forgot my card PIN,"Your Smart Card is secured with a personal identification number. If you need to change your PIN or have forgotten it, visit any branch with your ID and we'll sort it out."
Can I reset my debit card PIN?,"Your Smart Card is secured with a personal identification number. If you need to change your PIN or have forgotten it, visit any branch with your ID and we'll sort it out."
Where do I go to change my PIN?,"Your Smart Card is secured with a personal identification number. If you need to change your PIN or have forgotten it, visit any branch with your ID and we'll sort it out."
Can I take a cash advance on my credit card?,"A cash advance at another bank's ATM is charged at 2%, with a $10 minimum."
What does a cash advance cost?,"A cash advance at another bank's ATM is charged at 2%, with a $10 minimum."
Fee for withdrawing cash on my credit card?,"A cash advance at another bank's ATM is charged at 2%, with a $10 minimum."
Is there a charge for cash advances?,"A cash advance at another bank's ATM is charged at 2%, with a $10 minimum."
Visa Gold or Mastercard Gold?,Both are Gold-tier cards with the same $100 annual fee for the primary card and $50 for an additional card. The choice usually comes down to which network you prefer and where you tend to use the card.
Which Gold card should I pick?,Both are Gold-tier cards with the same $100 annual fee for the primary card and $50 for an additional card. The choice usually comes down to which network you prefer and where you tend to use the card.
Is Visa better than Mastercard?,Both are Gold-tier cards with the same $100 annual fee for the primary card and $50 for an additional card. The choice usually comes down to which network you prefer and where you tend to use the card.
Difference between your two Gold cards?,Both are Gold-tier cards with the same $100 annual fee for the primary card and $50 for an additional card. The choice usually comes down to which network you prefer and where you tend to use the card.
How do I pay my credit card bill?,"Credit card payments are made through the ACB Smart App. That's the only channel for card payments, so make sure you've got the app set up."
Can I pay my credit card online?,"Credit card payments are made through the ACB Smart App. That's the only channel for card payments, so make sure you've got the app set up."
Where do I make a credit card payment?,"Credit card payments are made through the ACB Smart App. That's the only channel for card payments, so make sure you've got the app set up."
Can I pay my card at a branch?,"Credit card payments are made through the ACB Smart App. That's the only channel for card payments, so make sure you've got the app set up."
paying off my credit card,"Credit card payments are made through the ACB Smart App. That's the only channel for card payments, so make sure you've got the app set up."
What's the credit card department number?,"For credit card enquiries call 1-268-481-4219. For applications, call 1-268-481-1177."
Who do I call about my credit card?,"For credit card enquiries call 1-268-481-4219. For applications, call 1-268-481-1177."
Credit card contact number please,"For credit card enquiries call 1-268-481-4219. For applications, call 1-268-481-1177."
Is there a direct line for card enquiries?,"For credit card enquiries call 1-268-481-4219. For applications, call 1-268-481-1177."
Is credit card insurance available?,"Optional credit card insurance is available at $0.41 per thousand dollars of outstanding balance, per month."
How much does card insurance cost?,"Optional credit card insurance is available at $0.41 per thousand dollars of outstanding balance, per month."
Should I insure my credit card balance?,"Optional credit card insurance is available at $0.41 per thousand dollars of outstanding balance, per month."
Do you offer credit protection?,"Optional credit card insurance is available at $0.41 per thousand dollars of outstanding balance, per month."
Is Platinum worth the extra cost?,Platinum cards carry a $200 annual fee and come with a higher line and an enhanced benefits package. Gold is $100 a year. Which makes sense depends on how much you spend and travel.
Gold or Platinum credit card?,Platinum cards carry a $200 annual fee and come with a higher line and an enhanced benefits package. Gold is $100 a year. Which makes sense depends on how much you spend and travel.
What do I get for the Platinum fee?,Platinum cards carry a $200 annual fee and come with a higher line and an enhanced benefits package. Gold is $100 a year. Which makes sense depends on how much you spend and travel.
Compare Gold and Platinum,Platinum cards carry a $200 annual fee and come with a higher line and an enhanced benefits package. Gold is $100 a year. Which makes sense depends on how much you spend and travel.
Tell me about the business credit card,"The Visa Business Gold card helps you separate personal and business expenses. It includes contactless payment with international validity, free cash withdrawals from ATMs worldwide, travel insurance, 24/7 concierge service, discounts and rewards."
What is the Visa Business Gold?,"The Visa Business Gold card helps you separate personal and business expenses. It includes contactless payment with international validity, free cash withdrawals from ATMs worldwide, travel insurance, 24/7 concierge service, discounts and rewards."
Do you offer corporate credit cards?,"The Visa Business Gold card helps you separate personal and business expenses. It includes contactless payment with international validity, free cash withdrawals from ATMs worldwide, travel insurance, 24/7 concierge service, discounts and rewards."
What are the benefits of a business card?,"The Visa Business Gold card helps you separate personal and business expenses. It includes contactless payment with international validity, free cash withdrawals from ATMs worldwide, travel insurance, 24/7 concierge service, discounts and rewards."
Is there a card for my company?,"The Visa Business Gold card helps you separate personal and business expenses. It includes contactless payment with international validity, free cash withdrawals from ATMs worldwide, travel insurance, 24/7 concierge service, discounts and rewards."
What's the interest rate on your credit cards?,"The annual interest rate is 19.50% on cards without rewards, and 21% per annum if you choose a card with the rewards or cashback programme."
How much interest do credit cards charge?,"The annual interest rate is 19.50% on cards without rewards, and 21% per annum if you choose a card with the rewards or cashback programme."
What's the APR?,"The annual interest rate is 19.50% on cards without rewards, and 21% per annum if you choose a card with the rewards or cashback programme."
Is the rewards card a higher rate?,"The annual interest rate is 19.50% on cards without rewards, and 21% per annum if you choose a card with the rewards or cashback programme."
credit card interest rate,"The annual interest rate is 19.50% on cards without rewards, and 21% per annum if you choose a card with the rewards or cashback programme."
What's the late payment fee?,"The late payment fee is $45 on Classic and Gold cards, $100 on Platinum, and $75 on Platinum Business."
What happens if I pay my card late?,"The late payment fee is $45 on Classic and Gold cards, $100 on Platinum, and $75 on Platinum Business."
How much is a late fee on Platinum?,"The late payment fee is $45 on Classic and Gold cards, $100 on Platinum, and $75 on Platinum Business."
Penalty for missing a credit card payment?,"The late payment fee is $45 on Classic and Gold cards, $100 on Platinum, and $75 on Platinum Business."
What's the minimum payment on my credit card?,"The minimum payment is 5% of your outstanding balance, with a minimum of $20."
How much do I have to pay each month?,"The minimum payment is 5% of your outstanding balance, with a minimum of $20."
Is there a minimum monthly payment?,"The minimum payment is 5% of your outstanding balance, with a minimum of $20."
What's the smallest payment I can make?,"The minimum payment is 5% of your outstanding balance, with a minimum of $20."
What are the annual fees on credit cards?,"Visa Classic has no annual fee. Visa Gold and Mastercard Gold are $100 a year for the primary card and $50 for an additional card. Visa Gold Business is $150 and $75. Platinum is $200 with $80 for additional cards, and Platinum Business is $200 with $165 for additional cards."
How much does a Gold card cost per year?,"Visa Classic has no annual fee. Visa Gold and Mastercard Gold are $100 a year for the primary card and $50 for an additional card. Visa Gold Business is $150 and $75. Platinum is $200 with $80 for additional cards, and Platinum Business is $200 with $165 for additional cards."
Is there an annual fee on the Classic card?,"Visa Classic has no annual fee. Visa Gold and Mastercard Gold are $100 a year for the primary card and $50 for an additional card. Visa Gold Business is $150 and $75. Platinum is $200 with $80 for additional cards, and Platinum Business is $200 with $165 for additional cards."
What does a Platinum card cost?,"Visa Classic has no annual fee. Visa Gold and Mastercard Gold are $100 a year for the primary card and $50 for an additional card. Visa Gold Business is $150 and $75. Platinum is $200 with $80 for additional cards, and Platinum Business is $200 with $165 for additional cards."
How much for an additional card?,"Visa Classic has no annual fee. Visa Gold and Mastercard Gold are $100 a year for the primary card and $50 for an additional card. Visa Gold Business is $150 and $75. Platinum is $200 with $80 for additional cards, and Platinum Business is $200 with $165 for additional cards."
credit card annual fees,"Visa Classic has no annual fee. Visa Gold and Mastercard Gold are $100 a year for the primary card and $50 for an additional card. Visa Gold Business is $150 and $75. Platinum is $200 with $80 for additional cards, and Platinum Business is $200 with $165 for additional cards."
What are the benefits of the Visa Gold card?,"Visa Gold gives you a higher spending line with a revolving credit line, emergency card replacement and cash disbursement while travelling, travel assistance, medical and legal referrals, and toll-free access to Visa Global Customer Assistance 24 hours a day, 365 days a year."
What do I get with a Gold credit card?,"Visa Gold gives you a higher spending line with a revolving credit line, emergency card replacement and cash disbursement while travelling, travel assistance, medical and legal referrals, and toll-free access to Visa Global Customer Assistance 24 hours a day, 365 days a year."
Does the Gold card include travel benefits?,"Visa Gold gives you a higher spending line with a revolving credit line, emergency card replacement and cash disbursement while travelling, travel assistance, medical and legal referrals, and toll-free access to Visa Global Customer Assistance 24 hours a day, 365 days a year."
Tell me about Visa Gold perks,"Visa Gold gives you a higher spending line with a revolving credit line, emergency card replacement and cash disbursement while travelling, travel assistance, medical and legal referrals, and toll-free access to Visa Global Customer Assistance 24 hours a day, 365 days a year."
Is there emergency assistance with the Gold card?,"Visa Gold gives you a higher spending line with a revolving credit line, emergency card replacement and cash disbursement while travelling, travel assistance, medical and legal referrals, and toll-free access to Visa Global Customer Assistance 24 hours a day, 365 days a year."
What credit cards do you offer?,"We offer Visa Classic, Visa Gold, Mastercard Gold, Visa Platinum, Platinum Business and Visa Business Gold. Each is available in either EC or US currency."
What types of credit cards are available?,"We offer Visa Classic, Visa Gold, Mastercard Gold, Visa Platinum, Platinum Business and Visa Business Gold. Each is available in either EC or US currency."
List your credit card options,"We offer Visa Classic, Visa Gold, Mastercard Gold, Visa Platinum, Platinum Business and Visa Business Gold. Each is available in either EC or US currency."
Do you have a Mastercard?,"We offer Visa Classic, Visa Gold, Mastercard Gold, Visa Platinum, Platinum Business and Visa Business Gold. Each is available in either EC or US currency."
Which Visa cards do you issue?,"We offer Visa Classic, Visa Gold, Mastercard Gold, Visa Platinum, Platinum Business and Visa Business Gold. Each is available in either EC or US currency."
credit card options,"We offer Visa Classic, Visa Gold, Mastercard Gold, Visa Platinum, Platinum Business and Visa Business Gold. Each is available in either EC or US currency."
Do your credit cards have rewards?,Yes — we offer a rewards and cashback programme giving 1% cash back or rewards points on eligible cards. Choosing rewards means the interest rate is 21% instead of 19.50%.
Is there cashback on ACB cards?,Yes — we offer a rewards and cashback programme giving 1% cash back or rewards points on eligible cards. Choosing rewards means the interest rate is 21% instead of 19.50%.
How much cashback do I earn?,Yes — we offer a rewards and cashback programme giving 1% cash back or rewards points on eligible cards. Choosing rewards means the interest rate is 21% instead of 19.50%.
Tell me about the rewards programme,Yes — we offer a rewards and cashback programme giving 1% cash back or rewards points on eligible cards. Choosing rewards means the interest rate is 21% instead of 19.50%.
Do I get points on my card?,Yes — we offer a rewards and cashback programme giving 1% cash back or rewards points on eligible cards. Choosing rewards means the interest rate is 21% instead of 19.50%.
Can I get a card for my spouse?,"Yes — you can request additional cards for family members. They're $50 a year on Gold, $80 on Platinum, $75 on Visa Gold Business, and $165 on Platinum Business."
How much for a supplementary card?,"Yes — you can request additional cards for family members. They're $50 a year on Gold, $80 on Platinum, $75 on Visa Gold Business, and $165 on Platinum Business."
Can I add a family member to my credit card?,"Yes — you can request additional cards for family members. They're $50 a year on Gold, $80 on Platinum, $75 on Visa Gold Business, and $165 on Platinum Business."
Additional cardholder fees?,"Yes — you can request additional cards for family members. They're $50 a year on Gold, $80 on Platinum, $75 on Visa Gold Business, and $165 on Platinum Business."
Can I use my credit card for PayPal?,"Yes, but PayPal credit transactions carry a $15 fee each."
Is there a fee for PayPal payments?,"Yes, but PayPal credit transactions carry a $15 fee each."
Does my ACB card work with PayPal?,"Yes, but PayPal credit transactions carry a $15 fee each."
How much for a PayPal transaction?,"Yes, but PayPal credit transactions carry a $15 fee each."
How do I apply for a credit card?,"You can apply for a credit card by calling 1-268-481-1177, visiting a branch, or completing the credit card application form on our website."
Where do I get a credit card application?,"You can apply for a credit card by calling 1-268-481-1177, visiting a branch, or completing the credit card application form on our website."
Can I apply for a card online?,"You can apply for a credit card by calling 1-268-481-1177, visiting a branch, or completing the credit card application form on our website."
Who do I call about a credit card application?,"You can apply for a credit card by calling 1-268-481-1177, visiting a branch, or completing the credit card application form on our website."
apply for credit card,"You can apply for a credit card by calling 1-268-481-1177, visiting a branch, or completing the credit card application form on our website."
What if my credit card is lost abroad?,"Your cards come with emergency card replacement, and Gold and Platinum holders also have access to emergency cash advance services while travelling. Call us immediately so we can block the card."
My credit card was stolen while travelling,"Your cards come with emergency card replacement, and Gold and Platinum holders also have access to emergency cash advance services while travelling. Call us immediately so we can block the card."
Can you replace my card overseas?,"Your cards come with emergency card replacement, and Gold and Platinum holders also have access to emergency cash advance services while travelling. Call us immediately so we can block the card."
Emergency card replacement — how does it work?,"Your cards come with emergency card replacement, and Gold and Platinum holders also have access to emergency cash advance services while travelling. Call us immediately so we can block the card."
What credit limit can I get?,Your credit limit depends on your income and creditworthiness. A branch representative can review your profile and discuss a limit increase with you.
How do I increase my credit limit?,Your credit limit depends on your income and creditworthiness. A branch representative can review your profile and discuss a limit increase with you.
Can I request a higher limit?,Your credit limit depends on your income and creditworthiness. A branch representative can review your profile and discuss a limit increase with you.
What determines my credit limit?,Your credit limit depends on your income and creditworthiness. A branch representative can review your profile and discuss a limit increase with you.
What's the difference between secured and unsecured loans?,"A secured loan is backed by collateral like property or a cash deposit, which usually means a better rate and a higher limit. An unsecured loan needs no collateral but caps out at EC$15,000 over 3 to 5 years."
Is a secured loan cheaper?,"A secured loan is backed by collateral like property or a cash deposit, which usually means a better rate and a higher limit. An unsecured loan needs no collateral but caps out at EC$15,000 over 3 to 5 years."
Should I secure my loan?,"A secured loan is backed by collateral like property or a cash deposit, which usually means a better rate and a higher limit. An unsecured loan needs no collateral but caps out at EC$15,000 over 3 to 5 years."
Explain secured versus unsecured,"A secured loan is backed by collateral like property or a cash deposit, which usually means a better rate and a higher limit. An unsecured loan needs no collateral but caps out at EC$15,000 over 3 to 5 years."
What is an unsecured loan?,"An unsecured loan doesn't require property or other collateral as security. You can borrow up to EC$15,000 and use it for a vacation, land, education, a car, or anything else you need."
How much can I borrow unsecured?,"An unsecured loan doesn't require property or other collateral as security. You can borrow up to EC$15,000 and use it for a vacation, land, education, a car, or anything else you need."
Do I need collateral for a personal loan?,"An unsecured loan doesn't require property or other collateral as security. You can borrow up to EC$15,000 and use it for a vacation, land, education, a car, or anything else you need."
What's the maximum on an unsecured loan?,"An unsecured loan doesn't require property or other collateral as security. You can borrow up to EC$15,000 and use it for a vacation, land, education, a car, or anything else you need."
Can I get a loan without security?,"An unsecured loan doesn't require property or other collateral as security. You can borrow up to EC$15,000 and use it for a vacation, land, education, a car, or anything else you need."
unsecured loan limit,"An unsecured loan doesn't require property or other collateral as security. You can borrow up to EC$15,000 and use it for a vacation, land, education, a car, or anything else you need."
Who can get a student loan?,"Any student leaving secondary school, attending a local college, or working and wanting to further their studies is eligible — whether you're studying in Antigua & Barbuda or abroad."
Am I eligible for a student loan?,"Any student leaving secondary school, attending a local college, or working and wanting to further their studies is eligible — whether you're studying in Antigua & Barbuda or abroad."
Can I get a student loan for overseas study?,"Any student leaving secondary school, attending a local college, or working and wanting to further their studies is eligible — whether you're studying in Antigua & Barbuda or abroad."
Do you fund local college students?,"Any student leaving secondary school, attending a local college, or working and wanting to further their studies is eligible — whether you're studying in Antigua & Barbuda or abroad."
student loan eligibility,"Any student leaving secondary school, attending a local college, or working and wanting to further their studies is eligible — whether you're studying in Antigua & Barbuda or abroad."
I'm getting married and need funds,"Congratulations! Depending on what you need, a personal loan, a mortgage, or a home equity loan could all work. Tell me a bit more about what you're planning and I'll point you the right way."
"I'm planning a big life change, what are my options?","Congratulations! Depending on what you need, a personal loan, a mortgage, or a home equity loan could all work. Tell me a bit more about what you're planning and I'll point you the right way."
I need money for something important,"Congratulations! Depending on what you need, a personal loan, a mortgage, or a home equity loan could all work. Tell me a bit more about what you're planning and I'll point you the right way."
What's the best way to borrow for a large expense?,"Congratulations! Depending on what you need, a personal loan, a mortgage, or a home equity loan could all work. Tell me a bit more about what you're planning and I'll point you the right way."
Can I get a loan with bad credit?,"Credit history is one factor among several, alongside income and the security you can offer. It's worth having a conversation rather than assuming — call 1-268-481-4200 and we'll talk it through."
Does my credit history matter?,"Credit history is one factor among several, alongside income and the security you can offer. It's worth having a conversation rather than assuming — call 1-268-481-4200 and we'll talk it through."
What if I've been declined before?,"Credit history is one factor among several, alongside income and the security you can offer. It's worth having a conversation rather than assuming — call 1-268-481-4200 and we'll talk it through."
"I have no credit history, can I still borrow?","Credit history is one factor among several, alongside income and the security you can offer. It's worth having a conversation rather than assuming — call 1-268-481-4200 and we'll talk it through."
Do I qualify for a loan?,Eligibility depends on factors like your creditworthiness and income. The best way to know is to speak with us — call 1-268-481-4200 or visit a branch and we'll review your situation properly.
Will I be approved?,Eligibility depends on factors like your creditworthiness and income. The best way to know is to speak with us — call 1-268-481-4200 or visit a branch and we'll review your situation properly.
What are the eligibility criteria?,Eligibility depends on factors like your creditworthiness and income. The best way to know is to speak with us — call 1-268-481-4200 or visit a branch and we'll review your situation properly.
Can I get a loan with my income?,Eligibility depends on factors like your creditworthiness and income. The best way to know is to speak with us — call 1-268-481-4200 or visit a branch and we'll review your situation properly.
Am I eligible to borrow?,Eligibility depends on factors like your creditworthiness and income. The best way to know is to speak with us — call 1-268-481-4200 or visit a branch and we'll review your situation properly.
What do I need for a home equity loan?,"For a home equity loan you'll need two government-issued photo IDs with one being a passport, a recent utility bill, a job letter, and a bank statement if applicable. Call 1-268-481-4262 or the Market Street branch on 1-268-480-1177."
How do I apply for a renovation loan?,"For a home equity loan you'll need two government-issued photo IDs with one being a passport, a recent utility bill, a job letter, and a bank statement if applicable. Call 1-268-481-4262 or the Market Street branch on 1-268-480-1177."
Home equity loan requirements?,"For a home equity loan you'll need two government-issued photo IDs with one being a passport, a recent utility bill, a job letter, and a bank statement if applicable. Call 1-268-481-4262 or the Market Street branch on 1-268-480-1177."
Who do I contact about a renovation loan?,"For a home equity loan you'll need two government-issued photo IDs with one being a passport, a recent utility bill, a job letter, and a bank statement if applicable. Call 1-268-481-4262 or the Market Street branch on 1-268-480-1177."
What documents for a land loan?,"For a land loan you'll need two photo IDs including a passport, proof of address, proof of income, a valuation report from a bank-approved valuator for the property being used as security, and a bank statement if you're using cash security."
Do I need a valuation for land?,"For a land loan you'll need two photo IDs including a passport, proof of address, proof of income, a valuation report from a bank-approved valuator for the property being used as security, and a bank statement if you're using cash security."
Land loan requirements?,"For a land loan you'll need two photo IDs including a passport, proof of address, proof of income, a valuation report from a bank-approved valuator for the property being used as security, and a bank statement if you're using cash security."
Who can do the property valuation?,"For a land loan you'll need two photo IDs including a passport, proof of address, proof of income, a valuation report from a bank-approved valuator for the property being used as security, and a bank statement if you're using cash security."
How do I apply for a car loan?,"For a vehicle loan, call our Head Office on 1-268-481-4262 or the Market Street branch on 1-268-480-1177, or visit a branch with your ID, proof of address, and job letter."
Who do I call about vehicle financing?,"For a vehicle loan, call our Head Office on 1-268-481-4262 or the Market Street branch on 1-268-480-1177, or visit a branch with your ID, proof of address, and job letter."
Where do I apply for an auto loan?,"For a vehicle loan, call our Head Office on 1-268-481-4262 or the Market Street branch on 1-268-480-1177, or visit a branch with your ID, proof of address, and job letter."
What's the number for vehicle loans?,"For a vehicle loan, call our Head Office on 1-268-481-4262 or the Market Street branch on 1-268-480-1177, or visit a branch with your ID, proof of address, and job letter."
I need money for a medical emergency,"For medical or emergency expenses an unsecured personal loan is usually the quickest route — up to EC$15,000 with no collateral required, repayable over 3 to 5 years."
What's the fastest loan to get?,"For medical or emergency expenses an unsecured personal loan is usually the quickest route — up to EC$15,000 with no collateral required, repayable over 3 to 5 years."
I need funds urgently,"For medical or emergency expenses an unsecured personal loan is usually the quickest route — up to EC$15,000 with no collateral required, repayable over 3 to 5 years."
Is there an emergency loan?,"For medical or emergency expenses an unsecured personal loan is usually the quickest route — up to EC$15,000 with no collateral required, repayable over 3 to 5 years."
What do I need to apply for a loan?,"For most loans you'll need two government-issued photo IDs — one must be a passport — a recent utility bill for proof of address, a job or employment letter for proof of income, and a bank statement if you're using cash as security."
What documents are required for a loan?,"For most loans you'll need two government-issued photo IDs — one must be a passport — a recent utility bill for proof of address, a job or employment letter for proof of income, and a bank statement if you're using cash as security."
Loan application requirements?,"For most loans you'll need two government-issued photo IDs — one must be a passport — a recent utility bill for proof of address, a job or employment letter for proof of income, and a bank statement if you're using cash as security."
What should I bring to apply for a loan?,"For most loans you'll need two government-issued photo IDs — one must be a passport — a recent utility bill for proof of address, a job or employment letter for proof of income, and a bank statement if you're using cash as security."
Do I need a job letter for a loan?,"For most loans you'll need two government-issued photo IDs — one must be a passport — a recent utility bill for proof of address, a job or employment letter for proof of income, and a bank statement if you're using cash as security."
Do you offer land loans?,"Our land loans require zero down payment, and we aim to give you a decision within 24 hours."
How much down payment for land?,"Our land loans require zero down payment, and we aim to give you a decision within 24 hours."
Can I buy land with no deposit?,"Our land loans require zero down payment, and we aim to give you a decision within 24 hours."
How fast is a land loan decision?,"Our land loans require zero down payment, and we aim to give you a decision within 24 hours."
I want to buy a plot of land,"Our land loans require zero down payment, and we aim to give you a decision within 24 hours."
How much can I borrow for school?,"Students can borrow up to a maximum of $270,000 at an interest rate of 9%."
What's the maximum student loan?,"Students can borrow up to a maximum of $270,000 at an interest rate of 9%."
What's the interest rate on a student loan?,"Students can borrow up to a maximum of $270,000 at an interest rate of 9%."
How much is a student loan at ACB?,"Students can borrow up to a maximum of $270,000 at an interest rate of 9%."
student loan amount and rate,"Students can borrow up to a maximum of $270,000 at an interest rate of 9%."
How long does loan approval take?,"Timelines vary by product and how complete your documentation is. Land loans get a decision within 24 hours. For others, having your two IDs, proof of address and job letter ready up front is the single biggest thing that speeds it up."
When will I hear back about my loan?,"Timelines vary by product and how complete your documentation is. Land loans get a decision within 24 hours. For others, having your two IDs, proof of address and job letter ready up front is the single biggest thing that speeds it up."
How fast can I get approved?,"Timelines vary by product and how complete your documentation is. Land loans get a decision within 24 hours. For others, having your two IDs, proof of address and job letter ready up front is the single biggest thing that speeds it up."
What's the turnaround on a loan application?,"Timelines vary by product and how complete your documentation is. Land loans get a decision within 24 hours. For others, having your two IDs, proof of address and job letter ready up front is the single biggest thing that speeds it up."
How long until I get a decision?,"Timelines vary by product and how complete your documentation is. Land loans get a decision within 24 hours. For others, having your two IDs, proof of address and job letter ready up front is the single biggest thing that speeds it up."
How long do I have to repay an unsecured loan?,"Unsecured loans are repaid over 3 to 5 years, with low monthly instalments and a competitive interest rate."
What's the term on a personal loan?,"Unsecured loans are repaid over 3 to 5 years, with low monthly instalments and a competitive interest rate."
Repayment period for unsecured loans?,"Unsecured loans are repaid over 3 to 5 years, with low monthly instalments and a competitive interest rate."
How many years to pay back a personal loan?,"Unsecured loans are repaid over 3 to 5 years, with low monthly instalments and a competitive interest rate."
How long is a car loan?,"Vehicle loans give you up to 10 years to repay, with low monthly instalments and a very competitive interest rate."
What's the term on a vehicle loan?,"Vehicle loans give you up to 10 years to repay, with low monthly instalments and a very competitive interest rate."
How many years to repay a car loan?,"Vehicle loans give you up to 10 years to repay, with low monthly instalments and a very competitive interest rate."
Repayment period for auto financing?,"Vehicle loans give you up to 10 years to repay, with low monthly instalments and a very competitive interest rate."
What loans do you offer?,"We offer unsecured loans, student loans, vehicle loans, land loans, personal and travel loans, home equity and renovation loans, mortgages, and business loans."
What kinds of loans are available?,"We offer unsecured loans, student loans, vehicle loans, land loans, personal and travel loans, home equity and renovation loans, mortgages, and business loans."
Tell me about your loan products,"We offer unsecured loans, student loans, vehicle loans, land loans, personal and travel loans, home equity and renovation loans, mortgages, and business loans."
List your loans,"We offer unsecured loans, student loans, vehicle loans, land loans, personal and travel loans, home equity and renovation loans, mortgages, and business loans."
What can I borrow for?,"We offer unsecured loans, student loans, vehicle loans, land loans, personal and travel loans, home equity and renovation loans, mortgages, and business loans."
loan options,"We offer unsecured loans, student loans, vehicle loans, land loans, personal and travel loans, home equity and renovation loans, mortgages, and business loans."
Can I get a loan for a vacation?,Yes — our personal loans are typically unsecured and can absolutely be used for travel. Your eligibility depends on your creditworthiness and income.
Do you offer travel loans?,Yes — our personal loans are typically unsecured and can absolutely be used for travel. Your eligibility depends on your creditworthiness and income.
I want to finance a trip — can you help?,Yes — our personal loans are typically unsecured and can absolutely be used for travel. Your eligibility depends on your creditworthiness and income.
Is there a loan for a wedding?,Yes — our personal loans are typically unsecured and can absolutely be used for travel. Your eligibility depends on your creditworthiness and income.
Can I borrow money for a holiday?,Yes — our personal loans are typically unsecured and can absolutely be used for travel. Your eligibility depends on your creditworthiness and income.
Do you have a loan calculator?,"Yes — there's a loan calculator on our loan pages. Enter the amount, rate and term and it'll show your estimated monthly instalment."
How can I work out my monthly payment?,"Yes — there's a loan calculator on our loan pages. Enter the amount, rate and term and it'll show your estimated monthly instalment."
Can I estimate repayments before applying?,"Yes — there's a loan calculator on our loan pages. Enter the amount, rate and term and it'll show your estimated monthly instalment."
Where's the repayment calculator?,"Yes — there's a loan calculator on our loan pages. Enter the amount, rate and term and it'll show your estimated monthly instalment."
Can I finance a used car?,"Yes — we finance both new and used vehicles. Bring your two IDs, proof of address, and proof of income and we'll get started."
Do you lend on second-hand vehicles?,"Yes — we finance both new and used vehicles. Bring your two IDs, proof of address, and proof of income and we'll get started."
Is the loan only for new cars?,"Yes — we finance both new and used vehicles. Bring your two IDs, proof of address, and proof of income and we'll get started."
Can I get a loan for a pre-owned vehicle?,"Yes — we finance both new and used vehicles. Bring your two IDs, proof of address, and proof of income and we'll get started."
Do you offer scholarships?,"Yes — we run two scholarship programmes: the ACB Caribbean Louis H. Lockhart Scholarship Programme, which rewards academic excellence, and the ACB Mortgage & Trust Secondary School Scholarship, which covers tuition for one student entering secondary school for up to five years."
Tell me about ACB scholarships,"Yes — we run two scholarship programmes: the ACB Caribbean Louis H. Lockhart Scholarship Programme, which rewards academic excellence, and the ACB Mortgage & Trust Secondary School Scholarship, which covers tuition for one student entering secondary school for up to five years."
Is there financial aid for students?,"Yes — we run two scholarship programmes: the ACB Caribbean Louis H. Lockhart Scholarship Programme, which rewards academic excellence, and the ACB Mortgage & Trust Secondary School Scholarship, which covers tuition for one student entering secondary school for up to five years."
How do I apply for a scholarship?,"Yes — we run two scholarship programmes: the ACB Caribbean Louis H. Lockhart Scholarship Programme, which rewards academic excellence, and the ACB Mortgage & Trust Secondary School Scholarship, which covers tuition for one student entering secondary school for up to five years."
What is the Louis H. Lockhart scholarship?,"Yes — we run two scholarship programmes: the ACB Caribbean Louis H. Lockhart Scholarship Programme, which rewards academic excellence, and the ACB Mortgage & Trust Secondary School Scholarship, which covers tuition for one student entering secondary school for up to five years."
scholarship programmes,"Yes — we run two scholarship programmes: the ACB Caribbean Louis H. Lockhart Scholarship Programme, which rewards academic excellence, and the ACB Mortgage & Trust Secondary School Scholarship, which covers tuition for one student entering secondary school for up to five years."
Do you finance cars?,"Yes — whether it's your first vehicle or your tenth, we can help. The down payment can be as low as 5%."
Can I get a loan for a vehicle?,"Yes — whether it's your first vehicle or your tenth, we can help. The down payment can be as low as 5%."
How much down payment for a car loan?,"Yes — whether it's your first vehicle or your tenth, we can help. The down payment can be as low as 5%."
Do you do auto loans?,"Yes — whether it's your first vehicle or your tenth, we can help. The down payment can be as low as 5%."
I want to buy a car — can you help?,"Yes — whether it's your first vehicle or your tenth, we can help. The down payment can be as low as 5%."
vehicle financing,"Yes — whether it's your first vehicle or your tenth, we can help. The down payment can be as low as 5%."
Can I borrow against my home?,"Yes — with a Home Equity Loan you can borrow at a low interest rate against the equity you've already built in your home. It's commonly used for renovations, new appliances, or furniture."
What is a home equity loan?,"Yes — with a Home Equity Loan you can borrow at a low interest rate against the equity you've already built in your home. It's commonly used for renovations, new appliances, or furniture."
Can I get a loan for renovations?,"Yes — with a Home Equity Loan you can borrow at a low interest rate against the equity you've already built in your home. It's commonly used for renovations, new appliances, or furniture."
I want to fix up my house — can you finance it?,"Yes — with a Home Equity Loan you can borrow at a low interest rate against the equity you've already built in your home. It's commonly used for renovations, new appliances, or furniture."
Do you offer renovation loans?,"Yes — with a Home Equity Loan you can borrow at a low interest rate against the equity you've already built in your home. It's commonly used for renovations, new appliances, or furniture."
home equity borrowing,"Yes — with a Home Equity Loan you can borrow at a low interest rate against the equity you've already built in your home. It's commonly used for renovations, new appliances, or furniture."
Where do I start a loan application?,"You can apply for a loan by visiting any branch, calling 1-268-481-4200, or using the loan application form on our website. There's also a loan calculator on each loan page so you can estimate repayments first."
Is there a loan calculator?,"You can apply for a loan by visiting any branch, calling 1-268-481-4200, or using the loan application form on our website. There's also a loan calculator on each loan page so you can estimate repayments first."
How do I estimate my loan payments?,"You can apply for a loan by visiting any branch, calling 1-268-481-4200, or using the loan application form on our website. There's also a loan calculator on each loan page so you can estimate repayments first."
How long do I have to repay a student loan?,"You get up to 10 years to repay from the date of first disbursement. While studying you can choose to pay interest only, and interest-only payments continue for up to six months after graduation so you have time to find work."
Do I pay while I'm studying?,"You get up to 10 years to repay from the date of first disbursement. While studying you can choose to pay interest only, and interest-only payments continue for up to six months after graduation so you have time to find work."
When do student loan repayments start?,"You get up to 10 years to repay from the date of first disbursement. While studying you can choose to pay interest only, and interest-only payments continue for up to six months after graduation so you have time to find work."
Can I pay interest only while at university?,"You get up to 10 years to repay from the date of first disbursement. While studying you can choose to pay interest only, and interest-only payments continue for up to six months after graduation so you have time to find work."
What's the grace period after graduation?,"You get up to 10 years to repay from the date of first disbursement. While studying you can choose to pay interest only, and interest-only payments continue for up to six months after graduation so you have time to find work."
What do I need for a student loan?,"You'll need a letter of acceptance from the university with its schedule of fees, a guarantor or co-borrower, adequate security, and life insurance."
Do I need a guarantor for a student loan?,"You'll need a letter of acceptance from the university with its schedule of fees, a guarantor or co-borrower, adequate security, and life insurance."
What documents for education financing?,"You'll need a letter of acceptance from the university with its schedule of fees, a guarantor or co-borrower, adequate security, and life insurance."
Is life insurance required for a student loan?,"You'll need a letter of acceptance from the university with its schedule of fees, a guarantor or co-borrower, adequate security, and life insurance."
Do I need an acceptance letter?,"You'll need a letter of acceptance from the university with its schedule of fees, a guarantor or co-borrower, adequate security, and life insurance."
Is a mortgage right for me?,"Buying a home is likely the biggest investment you'll ever make, and the mortgage the greatest financial obligation. We'll walk you through the options and help you find the arrangement that actually fits your situation."
Can someone advise me on a mortgage?,"Buying a home is likely the biggest investment you'll ever make, and the mortgage the greatest financial obligation. We'll walk you through the options and help you find the arrangement that actually fits your situation."
"I'm a first-time buyer, where do I start?","Buying a home is likely the biggest investment you'll ever make, and the mortgage the greatest financial obligation. We'll walk you through the options and help you find the arrangement that actually fits your situation."
Can I get mortgage advice?,"Buying a home is likely the biggest investment you'll ever make, and the mortgage the greatest financial obligation. We'll walk you through the options and help you find the arrangement that actually fits your situation."
Help me understand mortgages,"Buying a home is likely the biggest investment you'll ever make, and the mortgage the greatest financial obligation. We'll walk you through the options and help you find the arrangement that actually fits your situation."
What documents do I need for a mortgage?,"For a mortgage you'll typically need two government-issued photo IDs including a passport, proof of address, proof of income such as a job letter, and a valuation report for the property from a bank-approved valuator."
Mortgage application requirements?,"For a mortgage you'll typically need two government-issued photo IDs including a passport, proof of address, proof of income such as a job letter, and a valuation report for the property from a bank-approved valuator."
What do I bring to apply for a home loan?,"For a mortgage you'll typically need two government-issued photo IDs including a passport, proof of address, proof of income such as a job letter, and a valuation report for the property from a bank-approved valuator."
Do I need a property valuation for a mortgage?,"For a mortgage you'll typically need two government-issued photo IDs including a passport, proof of address, proof of income such as a job letter, and a valuation report for the property from a bank-approved valuator."
Who handles mortgages at ACB?,Yes — ACB Mortgage & Trust handles our mortgage and trust services. You can reach them on 1-268-481-4300 or at acb_mortgage_and_trust@acbcaribbean.com.
What is ACB Mortgage and Trust?,Yes — ACB Mortgage & Trust handles our mortgage and trust services. You can reach them on 1-268-481-4300 or at acb_mortgage_and_trust@acbcaribbean.com.
What's the number for the mortgage department?,Yes — ACB Mortgage & Trust handles our mortgage and trust services. You can reach them on 1-268-481-4300 or at acb_mortgage_and_trust@acbcaribbean.com.
How do I contact mortgage and trust?,Yes — ACB Mortgage & Trust handles our mortgage and trust services. You can reach them on 1-268-481-4300 or at acb_mortgage_and_trust@acbcaribbean.com.
Do you offer mortgages?,"Yes — we offer residential mortgages to help you buy or build a home. You can apply online, by phone on 1-268-481-4200, or in person at any branch."
Can I get a home loan?,"Yes — we offer residential mortgages to help you buy or build a home. You can apply online, by phone on 1-268-481-4200, or in person at any branch."
I want to buy a house,"Yes — we offer residential mortgages to help you buy or build a home. You can apply online, by phone on 1-268-481-4200, or in person at any branch."
How do I get a mortgage?,"Yes — we offer residential mortgages to help you buy or build a home. You can apply online, by phone on 1-268-481-4200, or in person at any branch."
Do you finance home purchases?,"Yes — we offer residential mortgages to help you buy or build a home. You can apply online, by phone on 1-268-481-4200, or in person at any branch."
mortgage information,"Yes — we offer residential mortgages to help you buy or build a home. You can apply online, by phone on 1-268-481-4200, or in person at any branch."
Can I get a mortgage to build a house?,"Yes — you can build rather than buy. Bring your plans, quotes and the usual identification and income documents, and we'll talk through a construction arrangement that works."
Do you finance construction?,"Yes — you can build rather than buy. Bring your plans, quotes and the usual identification and income documents, and we'll talk through a construction arrangement that works."
"I want to build, not buy — is that possible?","Yes — you can build rather than buy. Bring your plans, quotes and the usual identification and income documents, and we'll talk through a construction arrangement that works."
Is there a construction loan?,"Yes — you can build rather than buy. Bring your plans, quotes and the usual identification and income documents, and we'll talk through a construction arrangement that works."
How do I apply for a mortgage?,"You can apply using the Mortgage Application Form on our website, call 1-268-481-4200, or book an appointment to sit down with someone."
Is there an online mortgage application?,"You can apply using the Mortgage Application Form on our website, call 1-268-481-4200, or book an appointment to sit down with someone."
Can I book a mortgage appointment?,"You can apply using the Mortgage Application Form on our website, call 1-268-481-4200, or book an appointment to sit down with someone."
Where's the mortgage application form?,"You can apply using the Mortgage Application Form on our website, call 1-268-481-4200, or book an appointment to sit down with someone."
Is it safe to bank on public Wi-Fi?,"For security, never use public Wi-Fi for banking, keep your device software up to date, and always log out when you're finished."
How do I keep my online banking secure?,"For security, never use public Wi-Fi for banking, keep your device software up to date, and always log out when you're finished."
Any security tips for the app?,"For security, never use public Wi-Fi for banking, keep your device software up to date, and always log out when you're finished."
Should I log out every time?,"For security, never use public Wi-Fi for banking, keep your device software up to date, and always log out when you're finished."
Do I need to re-register for the new system?,"If you were already using ACB Internet Banking, your registration details and sign-in credentials carry over to the updated system — no need to re-register."
Will my old login still work?,"If you were already using ACB Internet Banking, your registration details and sign-in credentials carry over to the updated system — no need to re-register."
Do my internet banking details carry over?,"If you were already using ACB Internet Banking, your registration details and sign-in credentials carry over to the updated system — no need to re-register."
I had the old online banking — what now?,"If you were already using ACB Internet Banking, your registration details and sign-in credentials carry over to the updated system — no need to re-register."
The app keeps crashing,"Make sure you're running the latest version from the App Store or Play Store. If it's still misbehaving, email connect@acbonline.com or call 1-268-481-4200 and our digital banking team will help."
My app isn't working properly,"Make sure you're running the latest version from the App Store or Play Store. If it's still misbehaving, email connect@acbonline.com or call 1-268-481-4200 and our digital banking team will help."
Who do I contact about app problems?,"Make sure you're running the latest version from the App Store or Play Store. If it's still misbehaving, email connect@acbonline.com or call 1-268-481-4200 and our digital banking team will help."
The app won't load,"Make sure you're running the latest version from the App Store or Play Store. If it's still misbehaving, email connect@acbonline.com or call 1-268-481-4200 and our digital banking team will help."
My login isn't working,"Sorry you're having trouble. Check your username and password first, and make sure Caps Lock isn't on. If it still won't let you in, call us on 1-268-481-4200 and we'll get it sorted."
The app won't let me sign in,"Sorry you're having trouble. Check your username and password first, and make sure Caps Lock isn't on. If it still won't let you in, call us on 1-268-481-4200 and we'll get it sorted."
I'm locked out of my account,"Sorry you're having trouble. Check your username and password first, and make sure Caps Lock isn't on. If it still won't let you in, call us on 1-268-481-4200 and we'll get it sorted."
"Login error, what do I do?","Sorry you're having trouble. Check your username and password first, and make sure Caps Lock isn't on. If it still won't let you in, call us on 1-268-481-4200 and we'll get it sorted."
What can the ACB Smart App do?,"The ACB Smart App handles wire transfers, electronic funds transfers, P2P payments to other ACB customers, bill payments through Merchant Pay, standing orders, statements, and credit card payments."
What features are in the mobile app?,"The ACB Smart App handles wire transfers, electronic funds transfers, P2P payments to other ACB customers, bill payments through Merchant Pay, standing orders, statements, and credit card payments."
Can I send a wire from the app?,"The ACB Smart App handles wire transfers, electronic funds transfers, P2P payments to other ACB customers, bill payments through Merchant Pay, standing orders, statements, and credit card payments."
Does the app do bill payments?,"The ACB Smart App handles wire transfers, electronic funds transfers, P2P payments to other ACB customers, bill payments through Merchant Pay, standing orders, statements, and credit card payments."
Tell me about the smart app,"The ACB Smart App handles wire transfers, electronic funds transfers, P2P payments to other ACB customers, bill payments through Merchant Pay, standing orders, statements, and credit card payments."
Where do I download the app?,The ACB Smart App is free to download on the Google Play Store and the Apple App Store.
Is the app free?,The ACB Smart App is free to download on the Google Play Store and the Apple App Store.
How do I get the ACB app?,The ACB Smart App is free to download on the Google Play Store and the Apple App Store.
Is the app on the Play Store?,The ACB Smart App is free to download on the Google Play Store and the Apple App Store.
download acb app,The ACB Smart App is free to download on the Google Play Store and the Apple App Store.
What can I do with online banking?,"Through online banking you can view balances, view and download statements, see cheques that have posted, pay utility bills, and transfer funds between your ACB accounts."
What features does internet banking have?,"Through online banking you can view balances, view and download statements, see cheques that have posted, pay utility bills, and transfer funds between your ACB accounts."
Can I see my statements online?,"Through online banking you can view balances, view and download statements, see cheques that have posted, pay utility bills, and transfer funds between your ACB accounts."
Can I view cleared cheques online?,"Through online banking you can view balances, view and download statements, see cheques that have posted, pay utility bills, and transfer funds between your ACB accounts."
What's available in online banking?,"Through online banking you can view balances, view and download statements, see cheques that have posted, pay utility bills, and transfer funds between your ACB accounts."
How do I register for online banking?,"To register for digital banking, email connect@acbonline.com and our team will set you up. There's also a Digital Banking Guide on the website to help you get started."
How do I sign up for the app?,"To register for digital banking, email connect@acbonline.com and our team will set you up. There's also a Digital Banking Guide on the website to help you get started."
Who do I email to get online banking?,"To register for digital banking, email connect@acbonline.com and our team will set you up. There's also a Digital Banking Guide on the website to help you get started."
Is there a guide for digital banking?,"To register for digital banking, email connect@acbonline.com and our team will set you up. There's also a Digital Banking Guide on the website to help you get started."
I want to enroll in internet banking,"To register for digital banking, email connect@acbonline.com and our team will set you up. There's also a Digital Banking Guide on the website to help you get started."
Is online banking free?,Transferring between your own ACB accounts and checking your balance are both free. The Bill Payment Service is also free for all ACB Caribbean account holders.
Do you charge for transfers between my accounts?,Transferring between your own ACB accounts and checking your balance are both free. The Bill Payment Service is also free for all ACB Caribbean account holders.
Are bill payments free?,Transferring between your own ACB accounts and checking your balance are both free. The Bill Payment Service is also free for all ACB Caribbean account holders.
What does digital banking cost?,Transferring between your own ACB accounts and checking your balance are both free. The Bill Payment Service is also free for all ACB Caribbean account holders.
Is checking my balance free?,Transferring between your own ACB accounts and checking your balance are both free. The Bill Payment Service is also free for all ACB Caribbean account holders.
How fast are transfers?,Transfers between your own ACB accounts are immediate. EFTs to other OECS banks and international wires take longer — wires typically 2 to 5 business days.
Is a transfer between my accounts instant?,Transfers between your own ACB accounts are immediate. EFTs to other OECS banks and international wires take longer — wires typically 2 to 5 business days.
When will my money arrive?,Transfers between your own ACB accounts are immediate. EFTs to other OECS banks and international wires take longer — wires typically 2 to 5 business days.
How long do transfers take to clear?,Transfers between your own ACB accounts are immediate. EFTs to other OECS banks and international wires take longer — wires typically 2 to 5 business days.
How do I reset my password?,"Use the 'Forgot Password' option on the online banking login page, or contact customer service on 1-268-481-4200 and we'll help you reset it."
I forgot my online banking password,"Use the 'Forgot Password' option on the online banking login page, or contact customer service on 1-268-481-4200 and we'll help you reset it."
Can't remember my login details,"Use the 'Forgot Password' option on the online banking login page, or contact customer service on 1-268-481-4200 and we'll help you reset it."
How do I recover my username?,"Use the 'Forgot Password' option on the online banking login page, or contact customer service on 1-268-481-4200 and we'll help you reset it."
reset my password please,"Use the 'Forgot Password' option on the online banking login page, or contact customer service on 1-268-481-4200 and we'll help you reset it."
Does the app work on my tablet?,"Yes — the ACB Smart App works on both iOS and Android, and online banking works in any modern browser, so you can use whichever device suits you."
Can I use online banking on my laptop?,"Yes — the ACB Smart App works on both iOS and Android, and online banking works in any modern browser, so you can use whichever device suits you."
Which devices does the app support?,"Yes — the ACB Smart App works on both iOS and Android, and online banking works in any modern browser, so you can use whichever device suits you."
Can I bank from my computer?,"Yes — the ACB Smart App works on both iOS and Android, and online banking works in any modern browser, so you can use whichever device suits you."
Do you have online banking?,"Yes — we have ACB Smart Online Banking, which works in any browser, plus the ACB Smart App for iOS and Android. Both give you secure access to your accounts 24/7."
Is there a mobile app?,"Yes — we have ACB Smart Online Banking, which works in any browser, plus the ACB Smart App for iOS and Android. Both give you secure access to your accounts 24/7."
Can I bank online?,"Yes — we have ACB Smart Online Banking, which works in any browser, plus the ACB Smart App for iOS and Android. Both give you secure access to your accounts 24/7."
Do you have an app for iPhone?,"Yes — we have ACB Smart Online Banking, which works in any browser, plus the ACB Smart App for iOS and Android. Both give you secure access to your accounts 24/7."
Is there an Android app?,"Yes — we have ACB Smart Online Banking, which works in any browser, plus the ACB Smart App for iOS and Android. Both give you secure access to your accounts 24/7."
online banking and app,"Yes — we have ACB Smart Online Banking, which works in any browser, plus the ACB Smart App for iOS and Android. Both give you secure access to your accounts 24/7."
Can I send a wire from my phone?,"Yes — wire transfers can be initiated directly in the ACB Smart App, and it's cheaper than doing it in branch. To the US it's $100 in the app versus $120 at a counter."
Is it cheaper to wire in the app?,"Yes — wire transfers can be initiated directly in the ACB Smart App, and it's cheaper than doing it in branch. To the US it's $100 in the app versus $120 at a counter."
Can I do international transfers on mobile?,"Yes — wire transfers can be initiated directly in the ACB Smart App, and it's cheaper than doing it in branch. To the US it's $100 in the app versus $120 at a counter."
Wire transfer through the app?,"Yes — wire transfers can be initiated directly in the ACB Smart App, and it's cheaper than doing it in branch. To the US it's $100 in the app versus $120 at a counter."
How do I check my balance?,"You can check your balance any time through the ACB Smart App, online banking, or at any of our ATMs."
Where can I see my account balance?,"You can check your balance any time through the ACB Smart App, online banking, or at any of our ATMs."
Can I check my balance on my phone?,"You can check your balance any time through the ACB Smart App, online banking, or at any of our ATMs."
How much money is in my account?,"You can check your balance any time through the ACB Smart App, online banking, or at any of our ATMs."
check balance,"You can check your balance any time through the ACB Smart App, online banking, or at any of our ATMs."
How do I get my bank statement?,"You can view and download your statements directly through online banking. If you need a paper duplicate from us, that's $10 per month of statements."
Can I download statements?,"You can view and download your statements directly through online banking. If you need a paper duplicate from us, that's $10 per month of statements."
How much for a duplicate statement?,"You can view and download your statements directly through online banking. If you need a paper duplicate from us, that's $10 per month of statements."
Where do I find my statements?,"You can view and download your statements directly through online banking. If you need a paper duplicate from us, that's $10 per month of statements."
I need a copy of my statement,"You can view and download your statements directly through online banking. If you need a paper duplicate from us, that's $10 per month of statements."
What is a standing order?,"A Standing Order is an automated recurring payment we make on your behalf — insurance premiums or loan payments, for example. Setup is $25, a monthly external transfer is $40 plus Stamp Duty, and amending or cancelling is $25."
Can I set up recurring payments?,"A Standing Order is an automated recurring payment we make on your behalf — insurance premiums or loan payments, for example. Setup is $25, a monthly external transfer is $40 plus Stamp Duty, and amending or cancelling is $25."
How much does a standing order cost?,"A Standing Order is an automated recurring payment we make on your behalf — insurance premiums or loan payments, for example. Setup is $25, a monthly external transfer is $40 plus Stamp Duty, and amending or cancelling is $25."
How do I cancel a standing order?,"A Standing Order is an automated recurring payment we make on your behalf — insurance premiums or loan payments, for example. Setup is $25, a monthly external transfer is $40 plus Stamp Duty, and amending or cancelling is $25."
Can you pay my insurance automatically?,"A Standing Order is an automated recurring payment we make on your behalf — insurance premiums or loan payments, for example. Setup is $25, a monthly external transfer is $40 plus Stamp Duty, and amending or cancelling is $25."
What's the difference between a wire and an EFT?,A wire transfer sends money internationally through our correspondent bank network and costs from $55 depending on destination. An EFT moves money to another bank within the OECS in Eastern Caribbean currency for a flat $1.50.
Should I use a wire transfer or EFT?,A wire transfer sends money internationally through our correspondent bank network and costs from $55 depending on destination. An EFT moves money to another bank within the OECS in Eastern Caribbean currency for a flat $1.50.
"Which is cheaper, wire or EFT?",A wire transfer sends money internationally through our correspondent bank network and costs from $55 depending on destination. An EFT moves money to another bank within the OECS in Eastern Caribbean currency for a flat $1.50.
When would I use an EFT instead of a wire?,A wire transfer sends money internationally through our correspondent bank network and costs from $55 depending on destination. An EFT moves money to another bank within the OECS in Eastern Caribbean currency for a flat $1.50.
What is an EFT?,An Electronic Funds Transfer lets you send money to any commercial bank in the OECS where Eastern Caribbean currency is accepted. It replaces paper cheques between banks with something faster and more secure.
How do electronic funds transfers work?,An Electronic Funds Transfer lets you send money to any commercial bank in the OECS where Eastern Caribbean currency is accepted. It replaces paper cheques between banks with something faster and more secure.
Can I transfer to another bank locally?,An Electronic Funds Transfer lets you send money to any commercial bank in the OECS where Eastern Caribbean currency is accepted. It replaces paper cheques between banks with something faster and more secure.
What does EFT stand for?,An Electronic Funds Transfer lets you send money to any commercial bank in the OECS where Eastern Caribbean currency is accepted. It replaces paper cheques between banks with something faster and more secure.
Can I send money to a different bank?,An Electronic Funds Transfer lets you send money to any commercial bank in the OECS where Eastern Caribbean currency is accepted. It replaces paper cheques between banks with something faster and more secure.
How long do bill payments take?,"Bill payments generally process within 24 hours. If you've scheduled a payment through Merchant Pay, it goes on the date you set."
When will my payment go through?,"Bill payments generally process within 24 hours. If you've scheduled a payment through Merchant Pay, it goes on the date you set."
Is bill payment instant?,"Bill payments generally process within 24 hours. If you've scheduled a payment through Merchant Pay, it goes on the date you set."
How soon does a scheduled payment process?,"Bill payments generally process within 24 hours. If you've scheduled a payment through Merchant Pay, it goes on the date you set."
How much does an EFT cost?,Each EFT costs $1.50 regardless of the amount you're transferring.
Is there a fee for electronic transfers?,Each EFT costs $1.50 regardless of the amount you're transferring.
Does the EFT fee change with the amount?,Each EFT costs $1.50 regardless of the amount you're transferring.
EFT transaction fee?,Each EFT costs $1.50 regardless of the amount you're transferring.
How do I make an EFT in the app?,"In the ACB Smart App go to Orders, fill in the form, review the details and submit. You can save the details as a template so you don't have to re-enter them next time."
Where's the EFT option in the app?,"In the ACB Smart App go to Orders, fill in the form, review the details and submit. You can save the details as a template so you don't have to re-enter them next time."
Can I save transfer details for next time?,"In the ACB Smart App go to Orders, fill in the form, review the details and submit. You can save the details as a template so you don't have to re-enter them next time."
How do I set up a transfer template?,"In the ACB Smart App go to Orders, fill in the form, review the details and submit. You can save the details as a template so you don't have to re-enter them next time."
What's the fee to receive a wire?,"Incoming wires cost $25 if the funds are going to an ACB account, or $30 if they're being routed to another institution."
Does it cost to get money sent to me?,"Incoming wires cost $25 if the funds are going to an ACB account, or $30 if they're being routed to another institution."
Incoming wire transfer charges?,"Incoming wires cost $25 if the funds are going to an ACB account, or $30 if they're being routed to another institution."
How much to receive an international payment?,"Incoming wires cost $25 if the funds are going to an ACB account, or $30 if they're being routed to another institution."
When will my wire arrive?,"International transfers usually take 2 to 5 business days, depending on the destination country and the receiving bank."
How many days for money to reach overseas?,"International transfers usually take 2 to 5 business days, depending on the destination country and the receiving bank."
Is a wire transfer instant?,"International transfers usually take 2 to 5 business days, depending on the destination country and the receiving bank."
How do I pay my utility bill?,"Merchant Pay in the ACB Smart App lets you schedule weekly, bi-weekly or monthly bill payments, or make one-off payments. Bill payments made online or in the app are free; third-party merchant payments through the app are $1 per transaction."
What is Merchant Pay?,"Merchant Pay in the ACB Smart App lets you schedule weekly, bi-weekly or monthly bill payments, or make one-off payments. Bill payments made online or in the app are free; third-party merchant payments through the app are $1 per transaction."
Can I schedule monthly payments?,"Merchant Pay in the ACB Smart App lets you schedule weekly, bi-weekly or monthly bill payments, or make one-off payments. Bill payments made online or in the app are free; third-party merchant payments through the app are $1 per transaction."
How much to pay a merchant through the app?,"Merchant Pay in the ACB Smart App lets you schedule weekly, bi-weekly or monthly bill payments, or make one-off payments. Bill payments made online or in the app are free; third-party merchant payments through the app are $1 per transaction."
pay bills automatically,"Merchant Pay in the ACB Smart App lets you schedule weekly, bi-weekly or monthly bill payments, or make one-off payments. Bill payments made online or in the app are free; third-party merchant payments through the app are $1 per transaction."
What's your routing number?,Our incoming EFT routing number is 001320695.
I need the EFT routing number,Our incoming EFT routing number is 001320695.
What routing number do I give for a transfer?,Our incoming EFT routing number is 001320695.
ACB routing number please,Our incoming EFT routing number is 001320695.
Where can I find my routing number?,Our incoming EFT routing number is 001320695.
How much does a wire transfer cost?,"Wire fees depend on the destination. To the Caribbean it's $55 online or in-app and $65 in branch. To the US it's $100 online or $120 in branch. To Canada it's $100 plus 0.75% online, or $120 plus 0.75% in branch. Rest of the world is $100 online or $120 in branch. Correspondent bank charges apply on top."
What's the fee to send money to the US?,"Wire fees depend on the destination. To the Caribbean it's $55 online or in-app and $65 in branch. To the US it's $100 online or $120 in branch. To Canada it's $100 plus 0.75% online, or $120 plus 0.75% in branch. Rest of the world is $100 online or $120 in branch. Correspondent bank charges apply on top."
Wire transfer fees to Canada?,"Wire fees depend on the destination. To the Caribbean it's $55 online or in-app and $65 in branch. To the US it's $100 online or $120 in branch. To Canada it's $100 plus 0.75% online, or $120 plus 0.75% in branch. Rest of the world is $100 online or $120 in branch. Correspondent bank charges apply on top."
Is it cheaper to wire online or in branch?,"Wire fees depend on the destination. To the Caribbean it's $55 online or in-app and $65 in branch. To the US it's $100 online or $120 in branch. To Canada it's $100 plus 0.75% online, or $120 plus 0.75% in branch. Rest of the world is $100 online or $120 in branch. Correspondent bank charges apply on top."
Cost to send money to the Caribbean?,"Wire fees depend on the destination. To the Caribbean it's $55 online or in-app and $65 in branch. To the US it's $100 online or $120 in branch. To Canada it's $100 plus 0.75% online, or $120 plus 0.75% in branch. Rest of the world is $100 online or $120 in branch. Correspondent bank charges apply on top."
wire transfer charges,"Wire fees depend on the destination. To the Caribbean it's $55 online or in-app and $65 in branch. To the US it's $100 online or $120 in branch. To Canada it's $100 plus 0.75% online, or $120 plus 0.75% in branch. Rest of the world is $100 online or $120 in branch. Correspondent bank charges apply on top."
Can I send money to another ACB customer?,"Yes — the P2P feature in the ACB Smart App lets you send money to other ACB account holders. Add a peer by entering their Mobile ID, a nickname, their account number and a reference, then confirm."
How does P2P work?,"Yes — the P2P feature in the ACB Smart App lets you send money to other ACB account holders. Add a peer by entering their Mobile ID, a nickname, their account number and a reference, then confirm."
Can I pay a friend through the app?,"Yes — the P2P feature in the ACB Smart App lets you send money to other ACB account holders. Add a peer by entering their Mobile ID, a nickname, their account number and a reference, then confirm."
How do I add a peer?,"Yes — the P2P feature in the ACB Smart App lets you send money to other ACB account holders. Add a peer by entering their Mobile ID, a nickname, their account number and a reference, then confirm."
peer to peer transfer,"Yes — the P2P feature in the ACB Smart App lets you send money to other ACB account holders. Add a peer by entering their Mobile ID, a nickname, their account number and a reference, then confirm."
Can I send money overseas?,"Yes — through our network of correspondent banks we can send and receive funds anywhere in the world. You can start a wire online, in the app, or at a branch."
Do you do international transfers?,"Yes — through our network of correspondent banks we can send and receive funds anywhere in the world. You can start a wire online, in the app, or at a branch."
How do I send a wire transfer?,"Yes — through our network of correspondent banks we can send and receive funds anywhere in the world. You can start a wire online, in the app, or at a branch."
Can I wire money abroad?,"Yes — through our network of correspondent banks we can send and receive funds anywhere in the world. You can start a wire online, in the app, or at a branch."
international money transfer,"Yes — through our network of correspondent banks we can send and receive funds anywhere in the world. You can start a wire online, in the app, or at a branch."
Can I pay bills through the app?,"Yes — you can pay utility bills through online banking, the ACB Smart App, or at any of our ATMs."
Where can I pay my electricity bill?,"Yes — you can pay utility bills through online banking, the ACB Smart App, or at any of our ATMs."
Can I pay bills at an ATM?,"Yes — you can pay utility bills through online banking, the ACB Smart App, or at any of our ATMs."
How do I pay a utility bill?,"Yes — you can pay utility bills through online banking, the ACB Smart App, or at any of our ATMs."
What if my cheque is from a bank you don't deal with?,"A cheque drawn outside our correspondent bank network costs a minimum of US$50 or EC$135, plus other bank charges."
Cost for cheques outside the correspondent network?,"A cheque drawn outside our correspondent bank network costs a minimum of US$50 or EC$135, plus other bank charges."
Why is my foreign cheque so expensive to cash?,"A cheque drawn outside our correspondent bank network costs a minimum of US$50 or EC$135, plus other bank charges."
What does it cost to cash a foreign cheque?,Cashing or negotiating a foreign instrument carries a minimum charge of $20.20 plus 1%. Traveller's cheques in USD are US$20.20 per item.
Fee for traveller's cheques?,Cashing or negotiating a foreign instrument carries a minimum charge of $20.20 plus 1%. Traveller's cheques in USD are US$20.20 per item.
How much to negotiate a foreign instrument?,Cashing or negotiating a foreign instrument carries a minimum charge of $20.20 plus 1%. Traveller's cheques in USD are US$20.20 per item.
Can I cash a US cheque here?,Cashing or negotiating a foreign instrument carries a minimum charge of $20.20 plus 1%. Traveller's cheques in USD are US$20.20 per item.
Do you offer forward exchange contracts?,Forward Exchange Contracts are charged at $100 per contract plus a 0.5% loading on the rate.
What does a forward contract cost?,Forward Exchange Contracts are charged at $100 per contract plus a 0.5% loading on the rate.
Can I lock in an exchange rate?,Forward Exchange Contracts are charged at $100 per contract plus a 0.5% loading on the rate.
Is there a hedging option for currency?,Forward Exchange Contracts are charged at $100 per contract plus a 0.5% loading on the rate.
What's today's exchange rate?,"Rates change regularly, so the live table on our banking page is always the best source. As of the last published update the US Dollar was buying at 2.67000 and selling at 2.71690 against the EC Dollar."
What's the USD rate?,"Rates change regularly, so the live table on our banking page is always the best source. As of the last published update the US Dollar was buying at 2.67000 and selling at 2.71690 against the EC Dollar."
How many EC dollars to a US dollar?,"Rates change regularly, so the live table on our banking page is always the best source. As of the last published update the US Dollar was buying at 2.67000 and selling at 2.71690 against the EC Dollar."
Where can I see current forex rates?,"Rates change regularly, so the live table on our banking page is always the best source. As of the last published update the US Dollar was buying at 2.67000 and selling at 2.71690 against the EC Dollar."
What's the US exchange rate right now?,"Rates change regularly, so the live table on our banking page is always the best source. As of the last published update the US Dollar was buying at 2.67000 and selling at 2.71690 against the EC Dollar."
exchange rate today,"Rates change regularly, so the live table on our banking page is always the best source. As of the last published update the US Dollar was buying at 2.67000 and selling at 2.71690 against the EC Dollar."
What currencies do you exchange?,"We handle US Dollars, British Pounds, Euros, Canadian Dollars and Barbadian Dollars. Buy and sell rates are posted on our banking page and updated regularly."
Do you do foreign exchange?,"We handle US Dollars, British Pounds, Euros, Canadian Dollars and Barbadian Dollars. Buy and sell rates are posted on our banking page and updated regularly."
Can I buy US dollars?,"We handle US Dollars, British Pounds, Euros, Canadian Dollars and Barbadian Dollars. Buy and sell rates are posted on our banking page and updated regularly."
Do you handle euros?,"We handle US Dollars, British Pounds, Euros, Canadian Dollars and Barbadian Dollars. Buy and sell rates are posted on our banking page and updated regularly."
Can I exchange pounds sterling?,"We handle US Dollars, British Pounds, Euros, Canadian Dollars and Barbadian Dollars. Buy and sell rates are posted on our banking page and updated regularly."
forex currencies,"We handle US Dollars, British Pounds, Euros, Canadian Dollars and Barbadian Dollars. Buy and sell rates are posted on our banking page and updated regularly."
What is a fixed deposit?,"A Fixed Deposit gives you a guaranteed return over a set term. Through ACB Mortgage & Trust the minimum term is 18 months and the maximum is 36 months, with flexible options including 12 and 24 months."
Tell me about fixed deposits,"A Fixed Deposit gives you a guaranteed return over a set term. Through ACB Mortgage & Trust the minimum term is 18 months and the maximum is 36 months, with flexible options including 12 and 24 months."
How long is a fixed deposit term?,"A Fixed Deposit gives you a guaranteed return over a set term. Through ACB Mortgage & Trust the minimum term is 18 months and the maximum is 36 months, with flexible options including 12 and 24 months."
Do you offer certificates of deposit?,"A Fixed Deposit gives you a guaranteed return over a set term. Through ACB Mortgage & Trust the minimum term is 18 months and the maximum is 36 months, with flexible options including 12 and 24 months."
What's the term on a CD?,"A Fixed Deposit gives you a guaranteed return over a set term. Through ACB Mortgage & Trust the minimum term is 18 months and the maximum is 36 months, with flexible options including 12 and 24 months."
fixed deposit info,"A Fixed Deposit gives you a guaranteed return over a set term. Through ACB Mortgage & Trust the minimum term is 18 months and the maximum is 36 months, with flexible options including 12 and 24 months."
Fixed deposit or savings account?,"A savings account keeps your money accessible and earns 2% per annum. A fixed deposit locks funds away for a set term — 18 to 36 months through Mortgage & Trust — in exchange for a guaranteed, typically higher return."
"Which earns more, savings or a fixed deposit?","A savings account keeps your money accessible and earns 2% per annum. A fixed deposit locks funds away for a set term — 18 to 36 months through Mortgage & Trust — in exchange for a guaranteed, typically higher return."
Should I lock my money away?,"A savings account keeps your money accessible and earns 2% per annum. A fixed deposit locks funds away for a set term — 18 to 36 months through Mortgage & Trust — in exchange for a guaranteed, typically higher return."
What's the difference between savings and a fixed deposit?,"A savings account keeps your money accessible and earns 2% per annum. A fixed deposit locks funds away for a set term — 18 to 36 months through Mortgage & Trust — in exchange for a guaranteed, typically higher return."
What is ACB Invest?,"ACB Invest is our investment and wealth management division. Given how personal investment decisions are, I'd recommend speaking with an ACB Invest advisor — call 1-268-481-4200 or email customerservice@acbonline.com."
Do you offer investment services?,"ACB Invest is our investment and wealth management division. Given how personal investment decisions are, I'd recommend speaking with an ACB Invest advisor — call 1-268-481-4200 or email customerservice@acbonline.com."
Can I get investment advice?,"ACB Invest is our investment and wealth management division. Given how personal investment decisions are, I'd recommend speaking with an ACB Invest advisor — call 1-268-481-4200 or email customerservice@acbonline.com."
Do you do wealth management?,"ACB Invest is our investment and wealth management division. Given how personal investment decisions are, I'd recommend speaking with an ACB Invest advisor — call 1-268-481-4200 or email customerservice@acbonline.com."
Who do I speak to about investing?,"ACB Invest is our investment and wealth management division. Given how personal investment decisions are, I'd recommend speaking with an ACB Invest advisor — call 1-268-481-4200 or email customerservice@acbonline.com."
What's the minimum for a fixed deposit?,"Fixed Deposits through our main banking division require a minimum of $5,000. Applicants also need to meet Anti-Money Laundering criteria."
How much do I need to invest?,"Fixed Deposits through our main banking division require a minimum of $5,000. Applicants also need to meet Anti-Money Laundering criteria."
Minimum investment amount?,"Fixed Deposits through our main banking division require a minimum of $5,000. Applicants also need to meet Anti-Money Laundering criteria."
Are there AML checks on fixed deposits?,"Fixed Deposits through our main banking division require a minimum of $5,000. Applicants also need to meet Anti-Money Laundering criteria."
What if I withdraw my fixed deposit early?,"If you close a Fixed Deposit within the first 90 days you forfeit the interest earned. After 90 days interest is paid on the months completed. Early closure fees are $60 within 30 days, $50 within 90 days, $40 within 180 days, and nothing after 180 days."
Is there a penalty for breaking a fixed deposit?,"If you close a Fixed Deposit within the first 90 days you forfeit the interest earned. After 90 days interest is paid on the months completed. Early closure fees are $60 within 30 days, $50 within 90 days, $40 within 180 days, and nothing after 180 days."
Can I take my money out before maturity?,"If you close a Fixed Deposit within the first 90 days you forfeit the interest earned. After 90 days interest is paid on the months completed. Early closure fees are $60 within 30 days, $50 within 90 days, $40 within 180 days, and nothing after 180 days."
Early closure fees on a fixed deposit?,"If you close a Fixed Deposit within the first 90 days you forfeit the interest earned. After 90 days interest is paid on the months completed. Early closure fees are $60 within 30 days, $50 within 90 days, $40 within 180 days, and nothing after 180 days."
How should I save for retirement?,"If you're planning for retirement, a Fixed Deposit gives you a guaranteed return over a set term, and once you turn 55 the Freedom 55 account offers 2.1% per annum with no monthly service charge. An ACB Invest advisor can help map out a longer plan."
What are my retirement options?,"If you're planning for retirement, a Fixed Deposit gives you a guaranteed return over a set term, and once you turn 55 the Freedom 55 account offers 2.1% per annum with no monthly service charge. An ACB Invest advisor can help map out a longer plan."
I'm planning for my pension,"If you're planning for retirement, a Fixed Deposit gives you a guaranteed return over a set term, and once you turn 55 the Freedom 55 account offers 2.1% per annum with no monthly service charge. An ACB Invest advisor can help map out a longer plan."
Best product for long-term security?,"If you're planning for retirement, a Fixed Deposit gives you a guaranteed return over a set term, and once you turn 55 the Freedom 55 account offers 2.1% per annum with no monthly service charge. An ACB Invest advisor can help map out a longer plan."
How often is fixed deposit interest paid?,"Interest on a Fixed Deposit can be paid monthly, quarterly, semi-annually or annually — whichever suits you. Just let us know when you set it up."
Can I get monthly interest payments?,"Interest on a Fixed Deposit can be paid monthly, quarterly, semi-annually or annually — whichever suits you. Just let us know when you set it up."
When do I receive fixed deposit interest?,"Interest on a Fixed Deposit can be paid monthly, quarterly, semi-annually or annually — whichever suits you. Just let us know when you set it up."
Can interest be paid quarterly?,"Interest on a Fixed Deposit can be paid monthly, quarterly, semi-annually or annually — whichever suits you. Just let us know when you set it up."
What is the Thrift Fund?,"The Thrift Fund is a savings vehicle designed for building wealth over the long term. You can apply online, or contact ACB Mortgage & Trust on 1-268-481-4300 or acb_mortgage_and_trust@acbcaribbean.com."
Tell me about the thrift fund,"The Thrift Fund is a savings vehicle designed for building wealth over the long term. You can apply online, or contact ACB Mortgage & Trust on 1-268-481-4300 or acb_mortgage_and_trust@acbcaribbean.com."
How do I join the thrift fund?,"The Thrift Fund is a savings vehicle designed for building wealth over the long term. You can apply online, or contact ACB Mortgage & Trust on 1-268-481-4300 or acb_mortgage_and_trust@acbcaribbean.com."
Is the thrift fund a good long-term option?,"The Thrift Fund is a savings vehicle designed for building wealth over the long term. You can apply online, or contact ACB Mortgage & Trust on 1-268-481-4300 or acb_mortgage_and_trust@acbcaribbean.com."
Should I choose a fixed deposit or the thrift fund?,Which one suits you depends on your timeframe and goals. A Fixed Deposit gives a guaranteed return over a set term; the Thrift Fund is geared toward long-term wealth building; ACB Invest covers broader investment options. An advisor can help you weigh them up.
Which investment is best for me?,Which one suits you depends on your timeframe and goals. A Fixed Deposit gives a guaranteed return over a set term; the Thrift Fund is geared toward long-term wealth building; ACB Invest covers broader investment options. An advisor can help you weigh them up.
Compare your investment products,Which one suits you depends on your timeframe and goals. A Fixed Deposit gives a guaranteed return over a set term; the Thrift Fund is geared toward long-term wealth building; ACB Invest covers broader investment options. An advisor can help you weigh them up.
What's the difference between fixed deposits and thrift fund?,Which one suits you depends on your timeframe and goals. A Fixed Deposit gives a guaranteed return over a set term; the Thrift Fund is geared toward long-term wealth building; ACB Invest covers broader investment options. An advisor can help you weigh them up.
How much to open a business account?,"A Business Chequing Account needs $300 to open and carries a $20 monthly service charge. You get 2 free debit items a month, then $1.50 per item, and credits are $1.50 each."
What are business chequing fees?,"A Business Chequing Account needs $300 to open and carries a $20 monthly service charge. You get 2 free debit items a month, then $1.50 per item, and credits are $1.50 each."
Monthly charge on a business account?,"A Business Chequing Account needs $300 to open and carries a $20 monthly service charge. You get 2 free debit items a month, then $1.50 per item, and credits are $1.50 each."
Business account minimum balance?,"A Business Chequing Account needs $300 to open and carries a $20 monthly service charge. You get 2 free debit items a month, then $1.50 per item, and credits are $1.50 each."
What do you offer for businesses?,"For businesses we offer Business Chequing Accounts in EC$ and US$, Corporate Credit Cards, Merchant Services including POS and e-commerce, Business Loans, and Payroll Services."
Tell me about business banking,"For businesses we offer Business Chequing Accounts in EC$ and US$, Corporate Credit Cards, Merchant Services including POS and e-commerce, Business Loans, and Payroll Services."
What business products do you have?,"For businesses we offer Business Chequing Accounts in EC$ and US$, Corporate Credit Cards, Merchant Services including POS and e-commerce, Business Loans, and Payroll Services."
Do you bank small businesses?,"For businesses we offer Business Chequing Accounts in EC$ and US$, Corporate Credit Cards, Merchant Services including POS and e-commerce, Business Loans, and Payroll Services."
I run a company — what can you offer?,"For businesses we offer Business Chequing Accounts in EC$ and US$, Corporate Credit Cards, Merchant Services including POS and e-commerce, Business Loans, and Payroll Services."
business banking services,"For businesses we offer Business Chequing Accounts in EC$ and US$, Corporate Credit Cards, Merchant Services including POS and e-commerce, Business Loans, and Payroll Services."
What documents for merchant services?,"For merchant services we need proof of identity for all beneficial owners and directors, financial statements for the last business year, proof of address, a bank reference letter, and your corporate documents — Certificate of Incorporation, Articles and Bylaws, Notice of Directors, Certificate of Good Standing, recent Annual Returns, Company Resolution and Company Seal."
What do I need to set up a POS terminal?,"For merchant services we need proof of identity for all beneficial owners and directors, financial statements for the last business year, proof of address, a bank reference letter, and your corporate documents — Certificate of Incorporation, Articles and Bylaws, Notice of Directors, Certificate of Good Standing, recent Annual Returns, Company Resolution and Company Seal."
Merchant services paperwork?,"For merchant services we need proof of identity for all beneficial owners and directors, financial statements for the last business year, proof of address, a bank reference letter, and your corporate documents — Certificate of Incorporation, Articles and Bylaws, Notice of Directors, Certificate of Good Standing, recent Annual Returns, Company Resolution and Company Seal."
Do you need my company documents?,"For merchant services we need proof of identity for all beneficial owners and directors, financial statements for the last business year, proof of address, a bank reference letter, and your corporate documents — Certificate of Incorporation, Articles and Bylaws, Notice of Directors, Certificate of Good Standing, recent Annual Returns, Company Resolution and Company Seal."
When do I get paid from card transactions?,Funds from card payments are credited to your account the next business day.
How fast is merchant settlement?,Funds from card payments are credited to your account the next business day.
When does money from POS reach my account?,Funds from card payments are credited to your account the next business day.
How much does a POS terminal cost?,"POS terminals are provided at no initial cost. There's an annual administration fee of $150 per merchant, a negotiable discount fee per transaction, and an optional monthly rental — $30 for Dial and Internet terminals or $60 for GPRS, plus around $48 to $50 a month for the SIM card."
Is the card machine free?,"POS terminals are provided at no initial cost. There's an annual administration fee of $150 per merchant, a negotiable discount fee per transaction, and an optional monthly rental — $30 for Dial and Internet terminals or $60 for GPRS, plus around $48 to $50 a month for the SIM card."
What are the merchant service fees?,"POS terminals are provided at no initial cost. There's an annual administration fee of $150 per merchant, a negotiable discount fee per transaction, and an optional monthly rental — $30 for Dial and Internet terminals or $60 for GPRS, plus around $48 to $50 a month for the SIM card."
What's the rental on a POS terminal?,"POS terminals are provided at no initial cost. There's an annual administration fee of $150 per merchant, a negotiable discount fee per transaction, and an optional monthly rental — $30 for Dial and Internet terminals or $60 for GPRS, plus around $48 to $50 a month for the SIM card."
GPRS terminal pricing?,"POS terminals are provided at no initial cost. There's an annual administration fee of $150 per merchant, a negotiable discount fee per transaction, and an optional monthly rental — $30 for Dial and Internet terminals or $60 for GPRS, plus around $48 to $50 a month for the SIM card."
What business account is right for me?,"The right structure depends on your turnover, how many transactions you process, and whether you need payroll or merchant services. Book an appointment with our Business Banking team and they'll map it out with you."
Can someone advise on business banking?,"The right structure depends on your turnover, how many transactions you process, and whether you need payroll or merchant services. Book an appointment with our Business Banking team and they'll map it out with you."
"I'm starting a business, where do I begin?","The right structure depends on your turnover, how many transactions you process, and whether you need payroll or merchant services. Book an appointment with our Business Banking team and they'll map it out with you."
Which business products do I need?,"The right structure depends on your turnover, how many transactions you process, and whether you need payroll or merchant services. Book an appointment with our Business Banking team and they'll map it out with you."
What do I need to set up payroll?,"To set up payroll we need the names of the people authorising and verifying payroll, their email addresses, and the account number to debit. The instructions have to be signed by your account signatories."
How do I start payroll services?,"To set up payroll we need the names of the people authorising and verifying payroll, their email addresses, and the account number to debit. The instructions have to be signed by your account signatories."
Who has to sign off on payroll setup?,"To set up payroll we need the names of the people authorising and verifying payroll, their email addresses, and the account number to debit. The instructions have to be signed by your account signatories."
What information for payroll setup?,"To set up payroll we need the names of the people authorising and verifying payroll, their email addresses, and the account number to debit. The instructions have to be signed by your account signatories."
Do you offer business loans?,"We offer customised term loans for major expenditures like equipment or real estate. They can fund an expansion or renovation, modernise equipment, refinance existing debt, or finance the acquisition of another business."
Can I borrow to expand my business?,"We offer customised term loans for major expenditures like equipment or real estate. They can fund an expansion or renovation, modernise equipment, refinance existing debt, or finance the acquisition of another business."
Is there financing for equipment?,"We offer customised term loans for major expenditures like equipment or real estate. They can fund an expansion or renovation, modernise equipment, refinance existing debt, or finance the acquisition of another business."
Can I refinance business debt?,"We offer customised term loans for major expenditures like equipment or real estate. They can fund an expansion or renovation, modernise equipment, refinance existing debt, or finance the acquisition of another business."
Loans for buying another company?,"We offer customised term loans for major expenditures like equipment or real estate. They can fund an expansion or renovation, modernise equipment, refinance existing debt, or finance the acquisition of another business."
Can my business do foreign exchange?,"Yes — businesses can access foreign exchange services alongside their other banking. If you deal in USD, GBP, EUR, CAD or BBD regularly, it's worth discussing forward exchange contracts too."
Do you offer FX for companies?,"Yes — businesses can access foreign exchange services alongside their other banking. If you deal in USD, GBP, EUR, CAD or BBD regularly, it's worth discussing forward exchange contracts too."
"My business deals in USD, can you help?","Yes — businesses can access foreign exchange services alongside their other banking. If you deal in USD, GBP, EUR, CAD or BBD regularly, it's worth discussing forward exchange contracts too."
Business currency services?,"Yes — businesses can access foreign exchange services alongside their other banking. If you deal in USD, GBP, EUR, CAD or BBD regularly, it's worth discussing forward exchange contracts too."
Do you offer merchant services?,"Yes — we offer POS terminals and E-Commerce payment solutions. Customers can pay with Visa and Mastercard debit or credit cards, and funds are credited to your account the next business day. We're also working on accepting AMEX."
Can I accept card payments in my shop?,"Yes — we offer POS terminals and E-Commerce payment solutions. Customers can pay with Visa and Mastercard debit or credit cards, and funds are credited to your account the next business day. We're also working on accepting AMEX."
Do you provide POS machines?,"Yes — we offer POS terminals and E-Commerce payment solutions. Customers can pay with Visa and Mastercard debit or credit cards, and funds are credited to your account the next business day. We're also working on accepting AMEX."
Can I take payments online?,"Yes — we offer POS terminals and E-Commerce payment solutions. Customers can pay with Visa and Mastercard debit or credit cards, and funds are credited to your account the next business day. We're also working on accepting AMEX."
Do you accept AMEX?,"Yes — we offer POS terminals and E-Commerce payment solutions. Customers can pay with Visa and Mastercard debit or credit cards, and funds are credited to your account the next business day. We're also working on accepting AMEX."
merchant services info,"Yes — we offer POS terminals and E-Commerce payment solutions. Customers can pay with Visa and Mastercard debit or credit cards, and funds are credited to your account the next business day. We're also working on accepting AMEX."
Do you offer payroll services?,Yes — we offer payroll services through the Eastern Caribbean Automated Clearing House. Manual processing is $30 plus $2 per employee paid per run; electronic is $15 plus $1 per employee per run.
How much does payroll processing cost?,Yes — we offer payroll services through the Eastern Caribbean Automated Clearing House. Manual processing is $30 plus $2 per employee paid per run; electronic is $15 plus $1 per employee per run.
Can ACB handle my company payroll?,Yes — we offer payroll services through the Eastern Caribbean Automated Clearing House. Manual processing is $30 plus $2 per employee paid per run; electronic is $15 plus $1 per employee per run.
What's the difference between manual and electronic payroll?,Yes — we offer payroll services through the Eastern Caribbean Automated Clearing House. Manual processing is $30 plus $2 per employee paid per run; electronic is $15 plus $1 per employee per run.
payroll service pricing,Yes — we offer payroll services through the Eastern Caribbean Automated Clearing House. Manual processing is $30 plus $2 per employee paid per run; electronic is $15 plus $1 per employee per run.
Can I take payments on my website?,"Yes — with our E-Commerce payment solution you can accept card payments through your own website, with funds credited the next business day."
Do you support online stores?,"Yes — with our E-Commerce payment solution you can accept card payments through your own website, with funds credited the next business day."
How do I accept payments online?,"Yes — with our E-Commerce payment solution you can accept card payments through your own website, with funds credited the next business day."
E-commerce payment options?,"Yes — with our E-Commerce payment solution you can accept card payments through your own website, with funds credited the next business day."
Business account requirements?,"You'll need your business registration certificate, tax ID, valid identification for all signatories, and proof of business address. A branch representative can guide you through the rest."
What do I bring to open a company account?,"You'll need your business registration certificate, tax ID, valid identification for all signatories, and proof of business address. A branch representative can guide you through the rest."
Do I need my registration certificate?,"You'll need your business registration certificate, tax ID, valid identification for all signatories, and proof of business address. A branch representative can guide you through the rest."
Are you open on public holidays?,"Branches are closed on public holidays. Online banking, the ACB Smart App and our ATMs remain available 24/7."
Do you close for holidays?,"Branches are closed on public holidays. Online banking, the ACB Smart App and our ATMs remain available 24/7."
Can I bank on a holiday?,"Branches are closed on public holidays. Online banking, the ACB Smart App and our ATMs remain available 24/7."
What about bank holidays?,"Branches are closed on public holidays. Online banking, the ACB Smart App and our ATMs remain available 24/7."
Are your ATMs open 24 hours?,"Our ATMs are available around the clock, so you can withdraw, deposit, transfer, check balances and pay utility bills outside branch hours."
Can I use the ATM at night?,"Our ATMs are available around the clock, so you can withdraw, deposit, transfer, check balances and pay utility bills outside branch hours."
What if I need cash after hours?,"Our ATMs are available around the clock, so you can withdraw, deposit, transfer, check balances and pay utility bills outside branch hours."
Are ATMs available on weekends?,"Our ATMs are available around the clock, so you can withdraw, deposit, transfer, check balances and pay utility bills outside branch hours."
What's the Market Street number?,Our Market Street branch can be reached on 1-268-480-1177. Head Office is 1-268-481-4200.
Phone number for the Market Street branch?,Our Market Street branch can be reached on 1-268-480-1177. Head Office is 1-268-481-4200.
How do I call Head Office?,Our Market Street branch can be reached on 1-268-480-1177. Head Office is 1-268-481-4200.
Different numbers for different branches?,Our Market Street branch can be reached on 1-268-480-1177. Head Office is 1-268-481-4200.
What time do you open?,"Our branches are open Monday to Friday, 8:00am to 4:00pm. Online banking and the ACB Smart App are available 24/7."
What are your opening hours?,"Our branches are open Monday to Friday, 8:00am to 4:00pm. Online banking and the ACB Smart App are available 24/7."
Are you open on weekends?,"Our branches are open Monday to Friday, 8:00am to 4:00pm. Online banking and the ACB Smart App are available 24/7."
What time do you close?,"Our branches are open Monday to Friday, 8:00am to 4:00pm. Online banking and the ACB Smart App are available 24/7."
When can I visit a branch?,"Our branches are open Monday to Friday, 8:00am to 4:00pm. Online banking and the ACB Smart App are available 24/7."
opening hours,"Our branches are open Monday to Friday, 8:00am to 4:00pm. Online banking and the ACB Smart App are available 24/7."
Where is your branch?,"Our main branch is on High Street in St. John's, Antigua. We also have a branch at Woods Centre on Friars Hill Road. Both can be reached on 1-268-481-4200."
What's the address of your main branch?,"Our main branch is on High Street in St. John's, Antigua. We also have a branch at Woods Centre on Friars Hill Road. Both can be reached on 1-268-481-4200."
Where are you located?,"Our main branch is on High Street in St. John's, Antigua. We also have a branch at Woods Centre on Friars Hill Road. Both can be reached on 1-268-481-4200."
How do I find your branch?,"Our main branch is on High Street in St. John's, Antigua. We also have a branch at Woods Centre on Friars Hill Road. Both can be reached on 1-268-481-4200."
Is there a branch at Woods?,"Our main branch is on High Street in St. John's, Antigua. We also have a branch at Woods Centre on Friars Hill Road. Both can be reached on 1-268-481-4200."
branch address,"Our main branch is on High Street in St. John's, Antigua. We also have a branch at Woods Centre on Friars Hill Road. Both can be reached on 1-268-481-4200."
What's my daily withdrawal limit?,"The standard daily withdrawal limit is $1,000. If you need a higher limit, let us know and we can look into it for you."
How much can I take out per day?,"The standard daily withdrawal limit is $1,000. If you need a higher limit, let us know and we can look into it for you."
Can I increase my ATM limit?,"The standard daily withdrawal limit is $1,000. If you need a higher limit, let us know and we can look into it for you."
Is there a cash withdrawal cap?,"The standard daily withdrawal limit is $1,000. If you need a higher limit, let us know and we can look into it for you."
Do you charge for ATM use?,There's a $1.00 charge at all off-site ACB ATMs — that's any machine outside our Head Office. Using another bank's ATM costs 2% with a $10 minimum.
What's the fee at an off-site ATM?,There's a $1.00 charge at all off-site ACB ATMs — that's any machine outside our Head Office. Using another bank's ATM costs 2% with a $10 minimum.
Is it free to use ACB ATMs?,There's a $1.00 charge at all off-site ACB ATMs — that's any machine outside our Head Office. Using another bank's ATM costs 2% with a $10 minimum.
What if I use a different bank's ATM?,There's a $1.00 charge at all off-site ACB ATMs — that's any machine outside our Head Office. Using another bank's ATM costs 2% with a $10 minimum.
ATM withdrawal fees,There's a $1.00 charge at all off-site ACB ATMs — that's any machine outside our Head Office. Using another bank's ATM costs 2% with a $10 minimum.
Where are your ATMs?,"We have nine ATMs island-wide: our Head Office, ACB Mortgage & Trust on High Street, the Market & High Streets branch, Village Walk, V.C. Bird International Airport, Epicurean Supermarket, Town House Mega Plaza, Perry Bay Supermarket, and Codrington in Barbuda."
Where's the nearest ATM?,"We have nine ATMs island-wide: our Head Office, ACB Mortgage & Trust on High Street, the Market & High Streets branch, Village Walk, V.C. Bird International Airport, Epicurean Supermarket, Town House Mega Plaza, Perry Bay Supermarket, and Codrington in Barbuda."
How many ATMs do you have?,"We have nine ATMs island-wide: our Head Office, ACB Mortgage & Trust on High Street, the Market & High Streets branch, Village Walk, V.C. Bird International Airport, Epicurean Supermarket, Town House Mega Plaza, Perry Bay Supermarket, and Codrington in Barbuda."
Is there an ATM at the airport?,"We have nine ATMs island-wide: our Head Office, ACB Mortgage & Trust on High Street, the Market & High Streets branch, Village Walk, V.C. Bird International Airport, Epicurean Supermarket, Town House Mega Plaza, Perry Bay Supermarket, and Codrington in Barbuda."
Do you have an ATM in Barbuda?,"We have nine ATMs island-wide: our Head Office, ACB Mortgage & Trust on High Street, the Market & High Streets branch, Village Walk, V.C. Bird International Airport, Epicurean Supermarket, Town House Mega Plaza, Perry Bay Supermarket, and Codrington in Barbuda."
atm locations,"We have nine ATMs island-wide: our Head Office, ACB Mortgage & Trust on High Street, the Market & High Streets branch, Village Walk, V.C. Bird International Airport, Epicurean Supermarket, Town House Mega Plaza, Perry Bay Supermarket, and Codrington in Barbuda."
Can I withdraw cash at the airport?,"Yes — there's an ATM at V.C. Bird International Airport, which is handy if you're arriving or heading out."
ATM near the airport?,"Yes — there's an ATM at V.C. Bird International Airport, which is handy if you're arriving or heading out."
Do you have anything in Barbuda?,"Yes — there's an ATM in Codrington, Barbuda, so you can access your account without travelling to Antigua."
Is there an ATM in Codrington?,"Yes — there's an ATM in Codrington, Barbuda, so you can access your account without travelling to Antigua."
Can I bank in Barbuda?,"Yes — there's an ATM in Codrington, Barbuda, so you can access your account without travelling to Antigua."
Services in Barbuda?,"Yes — there's an ATM in Codrington, Barbuda, so you can access your account without travelling to Antigua."
How do I book a meeting with someone?,"Yes — you can book an appointment through the 'Book an Appointment' feature on our website, or call us on 1-268-481-4200 to arrange a time."
Can I make an appointment online?,"Yes — you can book an appointment through the 'Book an Appointment' feature on our website, or call us on 1-268-481-4200 to arrange a time."
I'd like to see an advisor,"Yes — you can book an appointment through the 'Book an Appointment' feature on our website, or call us on 1-268-481-4200 to arrange a time."
book appointment,"Yes — you can book an appointment through the 'Book an Appointment' feature on our website, or call us on 1-268-481-4200 to arrange a time."
Where can I find all your locations?,"You can find all our branch and ATM locations on the locations page of our website, which lists addresses and opening hours for each."
Is there a branch locator?,"You can find all our branch and ATM locations on the locations page of our website, which lists addresses and opening hours for each."
List all your branches,"You can find all our branch and ATM locations on the locations page of our website, which lists addresses and opening hours for each."
Show me your locations page,"You can find all our branch and ATM locations on the locations page of our website, which lists addresses and opening hours for each."
How much is a certificate of balance?,"A Certificate of Balance, confirmation of balance, or reference letter costs $50. A letter to an embassy is also $50."
I need a reference letter — what's the cost?,"A Certificate of Balance, confirmation of balance, or reference letter costs $50. A letter to an embassy is also $50."
Do you write letters for embassies?,"A Certificate of Balance, confirmation of balance, or reference letter costs $50. A letter to an embassy is also $50."
What's the fee for a bank reference?,"A Certificate of Balance, confirmation of balance, or reference letter costs $50. A letter to an embassy is also $50."
I need proof of funds for a visa,"A Certificate of Balance, confirmation of balance, or reference letter costs $50. A letter to an embassy is also $50."
I need a statement for taxes,A duplicate statement is $10 per month of statements. A Statement of Interest Paid for income tax purposes is $50. Historical confirmations run from $50 for the current year up to $250 for records more than five years old.
What does an old statement cost?,A duplicate statement is $10 per month of statements. A Statement of Interest Paid for income tax purposes is $50. Historical confirmations run from $50 for the current year up to $250 for records more than five years old.
Can I get records from five years ago?,A duplicate statement is $10 per month of statements. A Statement of Interest Paid for income tax purposes is $50. Historical confirmations run from $50 for the current year up to $250 for records more than five years old.
statement fees,A duplicate statement is $10 per month of statements. A Statement of Interest Paid for income tax purposes is $50. Historical confirmations run from $50 for the current year up to $250 for records more than five years old.
How much is a bank draft?,A local or manager's draft costs $30 plus Stamp Duty. An international money order draft is $30.20 plus correspondent bank charges. Replacing a foreign draft is $120.20 plus correspondent charges.
What does a manager's cheque cost?,A local or manager's draft costs $30 plus Stamp Duty. An international money order draft is $30.20 plus correspondent bank charges. Replacing a foreign draft is $120.20 plus correspondent charges.
Can I get an international draft?,A local or manager's draft costs $30 plus Stamp Duty. An international money order draft is $30.20 plus correspondent bank charges. Replacing a foreign draft is $120.20 plus correspondent charges.
What if I lose a draft?,A local or manager's draft costs $30 plus Stamp Duty. An international money order draft is $30.20 plus correspondent bank charges. Replacing a foreign draft is $120.20 plus correspondent charges.
draft fees,A local or manager's draft costs $30 plus Stamp Duty. An international money order draft is $30.20 plus correspondent bank charges. Replacing a foreign draft is $120.20 plus correspondent charges.
Is there a fee to close my account?,"Closing an account within 30 days costs $60, within 90 days $50, and within 180 days $40. After 180 days there's no early closure fee."
What does early account closure cost?,"Closing an account within 30 days costs $60, within 90 days $50, and within 180 days $40. After 180 days there's no early closure fee."
Can I close my account for free?,"Closing an account within 30 days costs $60, within 90 days $50, and within 180 days $40. After 180 days there's no early closure fee."
How long before closure is free?,"Closing an account within 30 days costs $60, within 90 days $50, and within 180 days $40. After 180 days there's no early closure fee."
Do you charge for coins?,Coins supplied by the bank carry a 1.25% fee.
Is there a fee to get change?,Coins supplied by the bank carry a 1.25% fee.
What does it cost to get coins?,Coins supplied by the bank carry a 1.25% fee.
How are fees charged on my US dollar account?,Fees on a USD account are applied in US currency. So a $20 monthly service charge on a USD chequing account is charged as US$20.
Are USD account fees in US dollars?,Fees on a USD account are applied in US currency. So a $20 monthly service charge on a USD chequing account is charged as US$20.
What currency are my charges in?,Fees on a USD account are applied in US currency. So a $20 monthly service charge on a USD chequing account is charged as US$20.
Where can I see all your fees?,"Our full Schedule of Fees is published on the website and covers account fees, deposit fees, document charges, transfer fees, business services and card fees."
Is there a fee schedule?,"Our full Schedule of Fees is published on the website and covers account fees, deposit fees, document charges, transfer fees, business services and card fees."
What are your bank charges?,"Our full Schedule of Fees is published on the website and covers account fees, deposit fees, document charges, transfer fees, business services and card fees."
Show me the schedule of fees,"Our full Schedule of Fees is published on the website and covers account fees, deposit fees, document charges, transfer fees, business services and card fees."
list of fees,"Our full Schedule of Fees is published on the website and covers account fees, deposit fees, document charges, transfer fees, business services and card fees."
How do I reactivate my account?,Reactivating a dormant account costs $10. There's also a $15 per annum notice fee on inactive or dormant accounts.
What's the dormant account fee?,Reactivating a dormant account costs $10. There's also a $15 per annum notice fee on inactive or dormant accounts.
My account is inactive — what do I do?,Reactivating a dormant account costs $10. There's also a $15 per annum notice fee on inactive or dormant accounts.
Is there a charge for an unused account?,Reactivating a dormant account costs $10. There's also a $15 per annum notice fee on inactive or dormant accounts.
Do you have safety deposit boxes?,"Safety deposit boxes rent annually: Small $200, Medium $300, Large $350, Extra Large $400. You get 2 free visits a month, with additional visits at $20 each."
How much is a safe deposit box?,"Safety deposit boxes rent annually: Small $200, Medium $300, Large $350, Extra Large $400. You get 2 free visits a month, with additional visits at $20 each."
What sizes of deposit box are available?,"Safety deposit boxes rent annually: Small $200, Medium $300, Large $350, Extra Large $400. You get 2 free visits a month, with additional visits at $20 each."
How many times can I access my box?,"Safety deposit boxes rent annually: Small $200, Medium $300, Large $350, Extra Large $400. You get 2 free visits a month, with additional visits at $20 each."
safety deposit box pricing,"Safety deposit boxes rent annually: Small $200, Medium $300, Large $350, Extra Large $400. You get 2 free visits a month, with additional visits at $20 each."
How can I avoid bank fees?,"The best way to avoid fees is keeping your balance above the minimum — $100 on savings, $300 on chequing — and using online banking and the app, where transfers between your own accounts and bill payments are free."
What's the cheapest way to bank with you?,"The best way to avoid fees is keeping your balance above the minimum — $100 on savings, $300 on chequing — and using online banking and the app, where transfers between your own accounts and bill payments are free."
How do I reduce my charges?,"The best way to avoid fees is keeping your balance above the minimum — $100 on savings, $300 on chequing — and using online banking and the app, where transfers between your own accounts and bill payments are free."
Any way to avoid the monthly fee?,"The best way to avoid fees is keeping your balance above the minimum — $100 on savings, $300 on chequing — and using online banking and the app, where transfers between your own accounts and bill payments are free."
Is there a fee for large cash deposits?,"There's a cash handling fee of 0.2% on cash deposits or withdrawals of $5,000 or more per day made in branch."
What's the cash handling charge?,"There's a cash handling fee of 0.2% on cash deposits or withdrawals of $5,000 or more per day made in branch."
Do you charge for big withdrawals?,"There's a cash handling fee of 0.2% on cash deposits or withdrawals of $5,000 or more per day made in branch."
Fee for depositing a lot of cash?,"There's a cash handling fee of 0.2% on cash deposits or withdrawals of $5,000 or more per day made in branch."
What currencies can I get a draft in?,"We issue drafts in four currencies: Eastern Caribbean Dollars, US Dollars, Canadian Dollars and Barbadian Dollars."
Can I get a US dollar draft?,"We issue drafts in four currencies: Eastern Caribbean Dollars, US Dollars, Canadian Dollars and Barbadian Dollars."
Do you issue Canadian dollar drafts?,"We issue drafts in four currencies: Eastern Caribbean Dollars, US Dollars, Canadian Dollars and Barbadian Dollars."
Which currencies for bank drafts?,"We issue drafts in four currencies: Eastern Caribbean Dollars, US Dollars, Canadian Dollars and Barbadian Dollars."
I got a suspicious text from ACB,"Be careful — ACB Caribbean will never ask for your PIN, banking credentials, or full account details by text or email. If a message looks off, don't click anything and call us on 1-268-481-4200 to verify."
Is this email really from you?,"Be careful — ACB Caribbean will never ask for your PIN, banking credentials, or full account details by text or email. If a message looks off, don't click anything and call us on 1-268-481-4200 to verify."
Someone is asking for my PIN,"Be careful — ACB Caribbean will never ask for your PIN, banking credentials, or full account details by text or email. If a message looks off, don't click anything and call us on 1-268-481-4200 to verify."
I think I'm being scammed,"Be careful — ACB Caribbean will never ask for your PIN, banking credentials, or full account details by text or email. If a message looks off, don't click anything and call us on 1-268-481-4200 to verify."
How do I know if a message is genuine?,"Be careful — ACB Caribbean will never ask for your PIN, banking credentials, or full account details by text or email. If a message looks off, don't click anything and call us on 1-268-481-4200 to verify."
phishing text,"Be careful — ACB Caribbean will never ask for your PIN, banking credentials, or full account details by text or email. If a message looks off, don't click anything and call us on 1-268-481-4200 to verify."
I think someone knows my password,"Change your password immediately through online banking, then call us on 1-268-481-4200 so we can review your account for any unusual activity."
My account may be compromised,"Change your password immediately through online banking, then call us on 1-268-481-4200 so we can review your account for any unusual activity."
What do I do if my login is hacked?,"Change your password immediately through online banking, then call us on 1-268-481-4200 so we can review your account for any unusual activity."
Someone accessed my online banking,"Change your password immediately through online banking, then call us on 1-268-481-4200 so we can review your account for any unusual activity."
I didn't make this transaction,Contact us immediately on 1-268-481-4200 so we can freeze the card and start looking into it. Have the date and amount of the transaction you don't recognise ready.
There's a charge I don't recognise,Contact us immediately on 1-268-481-4200 so we can freeze the card and start looking into it. Have the date and amount of the transaction you don't recognise ready.
How do I report fraud?,Contact us immediately on 1-268-481-4200 so we can freeze the card and start looking into it. Have the date and amount of the transaction you don't recognise ready.
Someone used my card,Contact us immediately on 1-268-481-4200 so we can freeze the card and start looking into it. Have the date and amount of the transaction you don't recognise ready.
I want to report unauthorised activity,Contact us immediately on 1-268-481-4200 so we can freeze the card and start looking into it. Have the date and amount of the transaction you don't recognise ready.
report fraud,Contact us immediately on 1-268-481-4200 so we can freeze the card and start looking into it. Have the date and amount of the transaction you don't recognise ready.
Should I ever share my PIN?,"Never share your PIN or password — not with family, not with anyone claiming to be from the bank. We will never ask you for them."
Will the bank ask for my password?,"Never share your PIN or password — not with family, not with anyone claiming to be from the bank. We will never ask you for them."
Is it safe to give my details over the phone?,"Never share your PIN or password — not with family, not with anyone claiming to be from the bank. We will never ask you for them."
Can I tell someone my PIN?,"Never share your PIN or password — not with family, not with anyone claiming to be from the bank. We will never ask you for them."
How do I dispute a transaction?,"Please get in touch within 30 days of the transaction with the details, and we'll investigate. Call 1-268-481-4200 or visit any branch."
I want to challenge a charge,"Please get in touch within 30 days of the transaction with the details, and we'll investigate. Call 1-268-481-4200 or visit any branch."
How long do I have to dispute something?,"Please get in touch within 30 days of the transaction with the details, and we'll investigate. Call 1-268-481-4200 or visit any branch."
Can I get a refund on a wrong charge?,"Please get in touch within 30 days of the transaction with the details, and we'll investigate. Call 1-268-481-4200 or visit any branch."
How secure is my account?,"Protecting your information and funds is a top priority. We use layered security measures to safeguard your accounts. Never share your PIN, password, or one-time verification codes with anyone."
What security do you have?,"Protecting your information and funds is a top priority. We use layered security measures to safeguard your accounts. Never share your PIN, password, or one-time verification codes with anyone."
Is online banking safe?,"Protecting your information and funds is a top priority. We use layered security measures to safeguard your accounts. Never share your PIN, password, or one-time verification codes with anyone."
Can I trust the app with my details?,"Protecting your information and funds is a top priority. We use layered security measures to safeguard your accounts. Never share your PIN, password, or one-time verification codes with anyone."
Are you hiring?,Career opportunities are posted on our website when they come up. Keep an eye on the site and our LinkedIn page.
Do you have job openings?,Career opportunities are posted on our website when they come up. Keep an eye on the site and our LinkedIn page.
How do I apply for a job at ACB?,Career opportunities are posted on our website when they come up. Keep an eye on the site and our LinkedIn page.
Where are careers listed?,Career opportunities are posted on our website when they come up. Keep an eye on the site and our LinkedIn page.
Can you check my transaction history?,"For anything specific to your own account, please log in to online banking or call us on 1-268-481-4200 — I don't have access to customer records."
What did I spend last month?,"For anything specific to your own account, please log in to online banking or call us on 1-268-481-4200 — I don't have access to customer records."
Can you find my last payment?,"For anything specific to your own account, please log in to online banking or call us on 1-268-481-4200 — I don't have access to customer records."
Look up my recent transactions,"For anything specific to your own account, please log in to online banking or call us on 1-268-481-4200 — I don't have access to customer records."
Can you apply for me?,"I can point you toward the right form or department, but I can't complete an application for you. Everything you need is on our website, or call 1-268-481-4200 and someone will walk you through it."
Can you fill out the form?,"I can point you toward the right form or department, but I can't complete an application for you. Everything you need is on our website, or call 1-268-481-4200 and someone will walk you through it."
Will you submit my application?,"I can point you toward the right form or department, but I can't complete an application for you. Everything you need is on our website, or call 1-268-481-4200 and someone will walk you through it."
Can you do it for me?,"I can point you toward the right form or department, but I can't complete an application for you. Everything you need is on our website, or call 1-268-481-4200 and someone will walk you through it."
I want to make a complaint,I'm sorry to hear that. Complaints are best handled by our team directly — call 1-268-481-4200 or email customerservice@acbonline.com and they'll take it from there.
I'm unhappy with the service,I'm sorry to hear that. Complaints are best handled by our team directly — call 1-268-481-4200 or email customerservice@acbonline.com and they'll take it from there.
How do I escalate an issue?,I'm sorry to hear that. Complaints are best handled by our team directly — call 1-268-481-4200 or email customerservice@acbonline.com and they'll take it from there.
Who handles complaints?,I'm sorry to hear that. Complaints are best handled by our team directly — call 1-268-481-4200 or email customerservice@acbonline.com and they'll take it from there.
I need to complain about something,I'm sorry to hear that. Complaints are best handled by our team directly — call 1-268-481-4200 or email customerservice@acbonline.com and they'll take it from there.
I want to talk to a human,"Let me connect you with our team. Call 1-268-481-4200 in Antigua or 1-473-444-4919 in Grenada, Monday to Friday 8am to 4pm, or email customerservice@acbonline.com. You're also welcome to visit any branch in person."
Can I speak to a real person?,"Let me connect you with our team. Call 1-268-481-4200 in Antigua or 1-473-444-4919 in Grenada, Monday to Friday 8am to 4pm, or email customerservice@acbonline.com. You're also welcome to visit any branch in person."
Connect me to an agent,"Let me connect you with our team. Call 1-268-481-4200 in Antigua or 1-473-444-4919 in Grenada, Monday to Friday 8am to 4pm, or email customerservice@acbonline.com. You're also welcome to visit any branch in person."
I'd rather talk to someone,"Let me connect you with our team. Call 1-268-481-4200 in Antigua or 1-473-444-4919 in Grenada, Monday to Friday 8am to 4pm, or email customerservice@acbonline.com. You're also welcome to visit any branch in person."
Get me a representative,"Let me connect you with our team. Call 1-268-481-4200 in Antigua or 1-473-444-4919 in Grenada, Monday to Friday 8am to 4pm, or email customerservice@acbonline.com. You're also welcome to visit any branch in person."
talk to a human,"Let me connect you with our team. Call 1-268-481-4200 in Antigua or 1-473-444-4919 in Grenada, Monday to Friday 8am to 4pm, or email customerservice@acbonline.com. You're also welcome to visit any branch in person."
What's your email address?,"Our customer service email is customerservice@acbonline.com. For digital banking support, email connect@acbonline.com."
Can I email you?,"Our customer service email is customerservice@acbonline.com. For digital banking support, email connect@acbonline.com."
What email for online banking help?,"Our customer service email is customerservice@acbonline.com. For digital banking support, email connect@acbonline.com."
Where do I send an email enquiry?,"Our customer service email is customerservice@acbonline.com. For digital banking support, email connect@acbonline.com."
Are fees the same in Grenada?,"Some fees and products differ between Antigua & Barbuda and Grenada. If you're banking in Grenada, gd.acbonline.com has the details that apply to you."
Do products differ between territories?,"Some fees and products differ between Antigua & Barbuda and Grenada. If you're banking in Grenada, gd.acbonline.com has the details that apply to you."
Is the Grenada schedule of fees different?,"Some fees and products differ between Antigua & Barbuda and Grenada. If you're banking in Grenada, gd.acbonline.com has the details that apply to you."
Which website applies to me in Grenada?,"Some fees and products differ between Antigua & Barbuda and Grenada. If you're banking in Grenada, gd.acbonline.com has the details that apply to you."
Do you have a branch in Grenada?,"Yes — ACB Grenada operates as a separate entity. You can reach the Grand Anse branch in St. George's on 1-473-444-4919, open Monday to Friday 8am to 3:30pm, or visit gd.acbonline.com."
What's the Grenada phone number?,"Yes — ACB Grenada operates as a separate entity. You can reach the Grand Anse branch in St. George's on 1-473-444-4919, open Monday to Friday 8am to 3:30pm, or visit gd.acbonline.com."
Are you in Grenada?,"Yes — ACB Grenada operates as a separate entity. You can reach the Grand Anse branch in St. George's on 1-473-444-4919, open Monday to Friday 8am to 3:30pm, or visit gd.acbonline.com."
Grenada branch hours?,"Yes — ACB Grenada operates as a separate entity. You can reach the Grand Anse branch in St. George's on 1-473-444-4919, open Monday to Friday 8am to 3:30pm, or visit gd.acbonline.com."
Where is your Grenada office?,"Yes — ACB Grenada operates as a separate entity. You can reach the Grand Anse branch in St. George's on 1-473-444-4919, open Monday to Friday 8am to 3:30pm, or visit gd.acbonline.com."
grenada branch,"Yes — ACB Grenada operates as a separate entity. You can reach the Grand Anse branch in St. George's on 1-473-444-4919, open Monday to Friday 8am to 3:30pm, or visit gd.acbonline.com."
How do I contact customer service?,"You can reach us on 1-268-481-4200 in Antigua or 1-473-444-4919 in Grenada, Monday to Friday 8am to 4pm. You can also email customerservice@acbonline.com or visit any branch."
What's your phone number?,"You can reach us on 1-268-481-4200 in Antigua or 1-473-444-4919 in Grenada, Monday to Friday 8am to 4pm. You can also email customerservice@acbonline.com or visit any branch."
How can I reach you?,"You can reach us on 1-268-481-4200 in Antigua or 1-473-444-4919 in Grenada, Monday to Friday 8am to 4pm. You can also email customerservice@acbonline.com or visit any branch."
I need to speak to someone,"You can reach us on 1-268-481-4200 in Antigua or 1-473-444-4919 in Grenada, Monday to Friday 8am to 4pm. You can also email customerservice@acbonline.com or visit any branch."
What's your contact information?,"You can reach us on 1-268-481-4200 in Antigua or 1-473-444-4919 in Grenada, Monday to Friday 8am to 4pm. You can also email customerservice@acbonline.com or visit any branch."
customer service contact,"You can reach us on 1-268-481-4200 in Antigua or 1-473-444-4919 in Grenada, Monday to Friday 8am to 4pm. You can also email customerservice@acbonline.com or visit any branch."
Are you on social media?,"You'll find us on Instagram, Facebook, YouTube and LinkedIn — all under ACB Caribbean."
What's your Instagram?,"You'll find us on Instagram, Facebook, YouTube and LinkedIn — all under ACB Caribbean."
Do you have a Facebook page?,"You'll find us on Instagram, Facebook, YouTube and LinkedIn — all under ACB Caribbean."
Can I find you on LinkedIn?,"You'll find us on Instagram, Facebook, YouTube and LinkedIn — all under ACB Caribbean."
That's helpful,Happy to help. Is there anything else you'd like to know?
"Great, thanks",Happy to help. Is there anything else you'd like to know?
Perfect,Happy to help. Is there anything else you'd like to know?
That answers it,Happy to help. Is there anything else you'd like to know?
Where do you get your information?,"I answer only from ACB Caribbean's published information, so what I tell you comes from the bank rather than the wider internet. For anything I'm unsure about, I'll point you to a person rather than guess."
Are your answers accurate?,"I answer only from ACB Caribbean's published information, so what I tell you comes from the bank rather than the wider internet. For anything I'm unsure about, I'll point you to a person rather than guess."
Do you search the internet?,"I answer only from ACB Caribbean's published information, so what I tell you comes from the bank rather than the wider internet. For anything I'm unsure about, I'll point you to a person rather than guess."
How do you know this?,"I answer only from ACB Caribbean's published information, so what I tell you comes from the bank rather than the wider internet. For anything I'm unsure about, I'll point you to a person rather than guess."
Can you open an account for me?,"I can point you to the right form and explain what's needed, but the application itself has to be completed by you — online, at a branch, or over the phone on 1-268-481-4200."
Can you process my request?,"I can point you to the right form and explain what's needed, but the application itself has to be completed by you — online, at a branch, or over the phone on 1-268-481-4200."
Are you able to make changes to my account?,"I can point you to the right form and explain what's needed, but the application itself has to be completed by you — online, at a branch, or over the phone on 1-268-481-4200."
Can you complete transactions?,"I can point you to the right form and explain what's needed, but the application itself has to be completed by you — online, at a branch, or over the phone on 1-268-481-4200."
What do you do when you don't know?,I'd rather say I'm not sure than give you the wrong figure on a rate or a fee. When that happens I'll hand you over to our team on 1-268-481-4200.
Will you make something up?,I'd rather say I'm not sure than give you the wrong figure on a rate or a fee. When that happens I'll hand you over to our team on 1-268-481-4200.
What are your limitations?,I'd rather say I'm not sure than give you the wrong figure on a rate or a fee. When that happens I'll hand you over to our team on 1-268-481-4200.
What can't you help with?,I'd rather say I'm not sure than give you the wrong figure on a rate or a fee. When that happens I'll hand you over to our team on 1-268-481-4200.
When are you available?,"I'm available whenever you are — the website and app are there around the clock. Our branches and phone lines run Monday to Friday, 8am to 4pm."
Can I ask you something on a Sunday?,"I'm available whenever you are — the website and app are there around the clock. Our branches and phone lines run Monday to Friday, 8am to 4pm."
Do you work weekends?,"I'm available whenever you are — the website and app are there around the clock. Our branches and phone lines run Monday to Friday, 8am to 4pm."
Are you here after hours?,"I'm available whenever you are — the website and app are there around the clock. Our branches and phone lines run Monday to Friday, 8am to 4pm."
good evening,I'm here to help with ACB Caribbean's products and services. What would you like to know?
morning,I'm here to help with ACB Caribbean's products and services. What would you like to know?
hey,I'm here to help with ACB Caribbean's products and services. What would you like to know?
hello there,I'm here to help with ACB Caribbean's products and services. What would you like to know?
hi claude,I'm here to help with ACB Caribbean's products and services. What would you like to know?
"Sorry, I meant something else",No trouble at all — take your time. What would you like to know about?
Let me start over,No trouble at all — take your time. What would you like to know about?
Can I ask a different question?,No trouble at all — take your time. What would you like to know about?
Never mind that,No trouble at all — take your time. What would you like to know about?
Can you repeat that?,Of course — which part would you like me to go over again?
Say that again please,Of course — which part would you like me to go over again?
I missed that,Of course — which part would you like me to go over again?
Could you explain once more?,Of course — which part would you like me to go over again?
gotta go,Thanks for stopping by. Come back any time you need something.
talk later,Thanks for stopping by. Come back any time you need something.
catch you later,Thanks for stopping by. Come back any time you need something.
im off,Thanks for stopping by. Come back any time you need something.
Can you tell me the weather?,"That's outside what I can help with, but I'm glad to answer anything about ACB Caribbean's accounts, loans, cards, transfers, rates, fees or branches."
Do you know any jokes?,"That's outside what I can help with, but I'm glad to answer anything about ACB Caribbean's accounts, loans, cards, transfers, rates, fees or branches."
What's happening in the news?,"That's outside what I can help with, but I'm glad to answer anything about ACB Caribbean's accounts, loans, cards, transfers, rates, fees or branches."
Can we talk about something else?,"That's outside what I can help with, but I'm glad to answer anything about ACB Caribbean's accounts, loans, cards, transfers, rates, fees or branches."
I'd rather not chat,"Understood — if you'd prefer to speak with someone directly, call 1-268-481-4200 or email customerservice@acbonline.com."
Just give me a number,"Understood — if you'd prefer to speak with someone directly, call 1-268-481-4200 or email customerservice@acbonline.com."
I don't want a bot,"Understood — if you'd prefer to speak with someone directly, call 1-268-481-4200 or email customerservice@acbonline.com."
Put me through to a person,"Understood — if you'd prefer to speak with someone directly, call 1-268-481-4200 or email customerservice@acbonline.com."
Is ACB only in Antigua?,"ACB Caribbean serves both Antigua & Barbuda and Grenada, and we're 70 years old — founded in 1955."
Do you operate regionally?,"ACB Caribbean serves both Antigua & Barbuda and Grenada, and we're 70 years old — founded in 1955."
How many countries are you in?,"ACB Caribbean serves both Antigua & Barbuda and Grenada, and we're 70 years old — founded in 1955."
Are you a Caribbean-wide bank?,"ACB Caribbean serves both Antigua & Barbuda and Grenada, and we're 70 years old — founded in 1955."
What makes ACB different?,"Our focus is creating shared value and financial empowerment for our stakeholders through exceptional, community-focused financial services."
Why should I bank with you?,"Our focus is creating shared value and financial empowerment for our stakeholders through exceptional, community-focused financial services."
What sets you apart from other banks?,"Our focus is creating shared value and financial empowerment for our stakeholders through exceptional, community-focused financial services."
Why choose ACB?,"Our focus is creating shared value and financial empowerment for our stakeholders through exceptional, community-focused financial services."
How do property auctions work?,Property auction listings are published on our website when they arise. Details of viewing arrangements and terms are included with each listing.
Can I view an auction property?,Property auction listings are published on our website when they arise. Details of viewing arrangements and terms are included with each listing.
What are the auction terms?,Property auction listings are published on our website when they arise. Details of viewing arrangements and terms are included with each listing.
When is the next auction?,Property auction listings are published on our website when they arise. Details of viewing arrangements and terms are included with each listing.
When do scholarship applications open?,"Scholarship application forms are published on our website. The Louis H. Lockhart Programme rewards academic excellence, and the Secondary School Scholarship covers tuition for up to five years."
Where do I get a scholarship form?,"Scholarship application forms are published on our website. The Louis H. Lockhart Programme rewards academic excellence, and the Secondary School Scholarship covers tuition for up to five years."
What's the scholarship deadline?,"Scholarship application forms are published on our website. The Louis H. Lockhart Programme rewards academic excellence, and the Secondary School Scholarship covers tuition for up to five years."
How competitive is the scholarship?,"Scholarship application forms are published on our website. The Louis H. Lockhart Programme rewards academic excellence, and the Secondary School Scholarship covers tuition for up to five years."
What does the secondary school scholarship cover?,"The ACB Mortgage & Trust Secondary School Scholarship covers tuition for one student entering secondary school, for a maximum of five years."
How long does the school scholarship last?,"The ACB Mortgage & Trust Secondary School Scholarship covers tuition for one student entering secondary school, for a maximum of five years."
Is tuition fully covered by the scholarship?,"The ACB Mortgage & Trust Secondary School Scholarship covers tuition for one student entering secondary school, for a maximum of five years."
Who is the secondary scholarship for?,"The ACB Mortgage & Trust Secondary School Scholarship covers tuition for one student entering secondary school, for a maximum of five years."
How long has ACB served Antigua?,We've served Antigua & Barbuda since 1955 and now operate across Antigua & Barbuda and Grenada — 70 years of community-focused banking.
Are you a local bank?,We've served Antigua & Barbuda since 1955 and now operate across Antigua & Barbuda and Grenada — 70 years of community-focused banking.
Is ACB Antiguan owned?,We've served Antigua & Barbuda since 1955 and now operate across Antigua & Barbuda and Grenada — 70 years of community-focused banking.
How established is the bank?,We've served Antigua & Barbuda since 1955 and now operate across Antigua & Barbuda and Grenada — 70 years of community-focused banking.
What makes an account dormant?,"An account that sees no activity for an extended period becomes dormant. There's a $15 per annum notice fee on inactive accounts, and reactivating one costs $10."
How long before my account goes inactive?,"An account that sees no activity for an extended period becomes dormant. There's a $15 per annum notice fee on inactive accounts, and reactivating one costs $10."
What's the notice fee on a dormant account?,"An account that sees no activity for an extended period becomes dormant. There's a $15 per annum notice fee on inactive accounts, and reactivating one costs $10."
Why was I charged a dormancy fee?,"An account that sees no activity for an extended period becomes dormant. There's a $15 per annum notice fee on inactive accounts, and reactivating one costs $10."
Should I book before coming in?,"Booking ahead through our website or on 1-268-481-4200 means someone is expecting you with time set aside, which usually makes for a much shorter visit."
Do I need an appointment?,"Booking ahead through our website or on 1-268-481-4200 means someone is expecting you with time set aside, which usually makes for a much shorter visit."
Can I just walk in?,"Booking ahead through our website or on 1-268-481-4200 means someone is expecting you with time set aside, which usually makes for a much shorter visit."
Is an appointment necessary?,"Booking ahead through our website or on 1-268-481-4200 means someone is expecting you with time set aside, which usually makes for a much shorter visit."
Can I open savings and chequing at once?,"Both accounts can be opened at the same visit. Bring your two photo IDs including a passport, proof of address and proof of income, and we can set up a chequing and a savings account together."
Can I get two accounts in one visit?,"Both accounts can be opened at the same visit. Bring your two photo IDs including a passport, proof of address and proof of income, and we can set up a chequing and a savings account together."
Do I need separate appointments for each account?,"Both accounts can be opened at the same visit. Bring your two photo IDs including a passport, proof of address and proof of income, and we can set up a chequing and a savings account together."
Can I set up multiple accounts today?,"Both accounts can be opened at the same visit. Bring your two photo IDs including a passport, proof of address and proof of income, and we can set up a chequing and a savings account together."
Why do you ask where my money came from?,For larger deposits we may ask about the source of the funds — that's part of our Anti-Money Laundering obligations and applies to every customer.
Do I need to explain a large deposit?,For larger deposits we may ask about the source of the funds — that's part of our Anti-Money Laundering obligations and applies to every customer.
Will you question a big deposit?,For larger deposits we may ask about the source of the funds — that's part of our Anti-Money Laundering obligations and applies to every customer.
Source of funds for deposits?,For larger deposits we may ask about the source of the funds — that's part of our Anti-Money Laundering obligations and applies to every customer.
What happens to an account when someone dies?,I'm sorry for your loss. Estate matters need to be handled in person with the appropriate legal documentation. Please call 1-268-481-4200 and our team will guide you through what's required.
How do I close a deceased relative's account?,I'm sorry for your loss. Estate matters need to be handled in person with the appropriate legal documentation. Please call 1-268-481-4200 and our team will guide you through what's required.
"My father passed away, what do I do about his account?",I'm sorry for your loss. Estate matters need to be handled in person with the appropriate legal documentation. Please call 1-268-481-4200 and our team will guide you through what's required.
Estate account procedures?,I'm sorry for your loss. Estate matters need to be handled in person with the appropriate legal documentation. Please call 1-268-481-4200 and our team will guide you through what's required.
"Could you tell me how to open an account, please?","Of course. You'll need two government-issued photo IDs with one being a passport, proof of address, and proof of income. You can apply online, at a branch, or by phone on 1-268-481-4200."
I'd like to know what's involved in opening an account,"Of course. You'll need two government-issued photo IDs with one being a passport, proof of address, and proof of income. You can apply online, at a branch, or by phone on 1-268-481-4200."
Would you mind explaining the account opening process?,"Of course. You'll need two government-issued photo IDs with one being a passport, proof of address, and proof of income. You can apply online, at a branch, or by phone on 1-268-481-4200."
May I ask what's needed to open an account?,"Of course. You'll need two government-issued photo IDs with one being a passport, proof of address, and proof of income. You can apply online, at a branch, or by phone on 1-268-481-4200."
What happens after my account is opened?,"Once your account is open we'll arrange your ACB Smart Card, and you can register for digital banking by emailing connect@acbonline.com."
When do I get my card and online access?,"Once your account is open we'll arrange your ACB Smart Card, and you can register for digital banking by emailing connect@acbonline.com."
What are the next steps once I'm approved?,"Once your account is open we'll arrange your ACB Smart Card, and you can register for digital banking by emailing connect@acbonline.com."
How soon can I start using my account?,"Once your account is open we'll arrange your ACB Smart Card, and you can register for digital banking by emailing connect@acbonline.com."
Can I act on someone else's behalf?,Power of attorney arrangements have to be set up in branch with the original legal documentation. Bring the instrument and identification for everyone involved.
How does power of attorney work with the bank?,Power of attorney arrangements have to be set up in branch with the original legal documentation. Bring the instrument and identification for everyone involved.
Can I manage my mother's account for her?,Power of attorney arrangements have to be set up in branch with the original legal documentation. Bring the instrument and identification for everyone involved.
What do I need for power of attorney?,Power of attorney arrangements have to be set up in branch with the original legal documentation. Bring the instrument and identification for everyone involved.
Can I open an account if I'm unemployed?,"Requirements are the same regardless of employment status, but proof of income takes a different form. If you're not currently working, call 1-268-481-4200 and we'll talk through the options."
What if I don't have a job?,"Requirements are the same regardless of employment status, but proof of income takes a different form. If you're not currently working, call 1-268-481-4200 and we'll talk through the options."
Do I need to be working to bank with you?,"Requirements are the same regardless of employment status, but proof of income takes a different form. If you're not currently working, call 1-268-481-4200 and we'll talk through the options."
I'm between jobs — can I still open an account?,"Requirements are the same regardless of employment status, but proof of income takes a different form. If you're not currently working, call 1-268-481-4200 and we'll talk through the options."
How do I wake up a dormant account?,"To bring a dormant account back to life, visit a branch with your identification. The reactivation fee is $10."
Can I reactivate an old account?,"To bring a dormant account back to life, visit a branch with your identification. The reactivation fee is $10."
What do I need to reopen a dormant account?,"To bring a dormant account back to life, visit a branch with your identification. The reactivation fee is $10."
"My old account is frozen, can it be reopened?","To bring a dormant account back to life, visit a branch with your identification. The reactivation fee is $10."
open account,"Two photo IDs including a passport, proof of address, proof of income, and source of funds documentation. Apply online, in branch, or call 1-268-481-4200."
new account,"Two photo IDs including a passport, proof of address, proof of income, and source of funds documentation. Apply online, in branch, or call 1-268-481-4200."
account opening,"Two photo IDs including a passport, proof of address, proof of income, and source of funds documentation. Apply online, in branch, or call 1-268-481-4200."
sign up,"Two photo IDs including a passport, proof of address, proof of income, and source of funds documentation. Apply online, in branch, or call 1-268-481-4200."
become a customer,"Two photo IDs including a passport, proof of address, proof of income, and source of funds documentation. Apply online, in branch, or call 1-268-481-4200."
what do i need,"Two photo IDs with one being a passport, proof of address, and proof of income. Bring those and we can get you set up."
documents needed,"Two photo IDs with one being a passport, proof of address, and proof of income. Bring those and we can get you set up."
what to bring,"Two photo IDs with one being a passport, proof of address, and proof of income. Bring those and we can get you set up."
requirements please,"Two photo IDs with one being a passport, proof of address, and proof of income. Bring those and we can get you set up."
"I just moved here, how do I open an account?","Welcome. You'll need two government-issued photo IDs including a passport, proof of address, proof of income, and documentation of your source of funds. If you're not yet resident, there are a few additional requirements."
I'm new to Antigua — can I bank with you?,"Welcome. You'll need two government-issued photo IDs including a passport, proof of address, proof of income, and documentation of your source of funds. If you're not yet resident, there are a few additional requirements."
"I relocated recently, what do I need?","Welcome. You'll need two government-issued photo IDs including a passport, proof of address, proof of income, and documentation of your source of funds. If you're not yet resident, there are a few additional requirements."
New arrival — how do I get set up?,"Welcome. You'll need two government-issued photo IDs including a passport, proof of address, proof of income, and documentation of your source of funds. If you're not yet resident, there are a few additional requirements."
Can someone else deposit into my account?,Yes — a third-party transaction is one carried out by someone other than the account holder. On a savings account these cost $15 each.
What's a third-party transaction?,Yes — a third-party transaction is one carried out by someone other than the account holder. On a savings account these cost $15 each.
Can my friend withdraw for me?,Yes — a third-party transaction is one carried out by someone other than the account holder. On a savings account these cost $15 each.
How much is a third-party transaction?,Yes — a third-party transaction is one carried out by someone other than the account holder. On a savings account these cost $15 each.
Can students open an account?,"Yes — students can open accounts. Bring your identification, proof of address, and student documentation. If you're under 18 a parent or guardian will need to be involved."
I'm at university — can I bank with you?,"Yes — students can open accounts. Bring your identification, proof of address, and student documentation. If you're under 18 a parent or guardian will need to be involved."
Do you have accounts for young people?,"Yes — students can open accounts. Bring your identification, proof of address, and student documentation. If you're under 18 a parent or guardian will need to be involved."
Can I open an account as a student?,"Yes — students can open accounts. Bring your identification, proof of address, and student documentation. If you're under 18 a parent or guardian will need to be involved."
Can I keep my account if I move overseas?,"Yes — you can hold an account with us while living abroad, though non-resident requirements apply. That includes notarised reference letters and a Source of Funds Declaration."
I'm relocating abroad — what happens to my account?,"Yes — you can hold an account with us while living abroad, though non-resident requirements apply. That includes notarised reference letters and a Source of Funds Declaration."
Can I bank with you from another country?,"Yes — you can hold an account with us while living abroad, though non-resident requirements apply. That includes notarised reference letters and a Source of Funds Declaration."
Do I need to close my account if I emigrate?,"Yes — you can hold an account with us while living abroad, though non-resident requirements apply. That includes notarised reference letters and a Source of Funds Declaration."
Is there an online application?,Yes — you can start your application online through the Accounts Application Form on our website.
Can I do it all online?,Yes — you can start your application online through the Accounts Application Form on our website.
Do I have to come in person?,Yes — you can start your application online through the Accounts Application Form on our website.
Is an in-branch visit required?,Yes — you can start your application online through the Accounts Application Form on our website.
Can I name a beneficiary on my account?,You can nominate a next of kin or beneficiary on your account. This is done in branch with your identification and their details.
How do I add next of kin?,You can nominate a next of kin or beneficiary on your account. This is done in branch with your identification and their details.
Who gets my money if something happens to me?,You can nominate a next of kin or beneficiary on your account. This is done in branch with your identification and their details.
Can I nominate someone on my account?,You can nominate a next of kin or beneficiary on your account. This is done in branch with your identification and their details.
how do i opne an account,"You'll need two government-issued photo IDs with one being a passport, proof of address, and proof of income. You can apply online, at a branch, or by calling 1-268-481-4200."
i want to open a acount,"You'll need two government-issued photo IDs with one being a passport, proof of address, and proof of income. You can apply online, at a branch, or by calling 1-268-481-4200."
openning an account,"You'll need two government-issued photo IDs with one being a passport, proof of address, and proof of income. You can apply online, at a branch, or by calling 1-268-481-4200."
how to open acc,"You'll need two government-issued photo IDs with one being a passport, proof of address, and proof of income. You can apply online, at a branch, or by calling 1-268-481-4200."
new acount please,"You'll need two government-issued photo IDs with one being a passport, proof of address, and proof of income. You can apply online, at a branch, or by calling 1-268-481-4200."
Do I pay tax on my interest?,"For questions about how interest income is treated for tax, it's best to speak with a tax professional. We can supply a Statement of Interest Paid for $50 to support your filing."
Is savings interest taxable?,"For questions about how interest income is treated for tax, it's best to speak with a tax professional. We can supply a Statement of Interest Paid for $50 to support your filing."
How is interest treated for tax purposes?,"For questions about how interest income is treated for tax, it's best to speak with a tax professional. We can supply a Statement of Interest Paid for $50 to support your filing."
Do you withhold tax on interest?,"For questions about how interest income is treated for tax, it's best to speak with a tax professional. We can supply a Statement of Interest Paid for $50 to support your filing."
Which savings account fits me?,"If you're under 18 it's Junior Savings, at 55 or over it's Freedom 55, saving toward a goal points to Golden Savings, and for general saving with full access the standard account at 2% works well."
Help me pick a savings account,"If you're under 18 it's Junior Savings, at 55 or over it's Freedom 55, saving toward a goal points to Golden Savings, and for general saving with full access the standard account at 2% works well."
What account should I choose?,"If you're under 18 it's Junior Savings, at 55 or over it's Freedom 55, saving toward a goal points to Golden Savings, and for general saving with full access the standard account at 2% works well."
Which is the right account for my situation?,"If you're under 18 it's Junior Savings, at 55 or over it's Freedom 55, saving toward a goal points to Golden Savings, and for general saving with full access the standard account at 2% works well."
How is my interest calculated?,"Interest on a standard Savings Account is calculated monthly at 2% per annum. Junior and Golden Savings earn 2.25%, with Junior interest paid quarterly in March, June, September and December."
When is savings interest paid?,"Interest on a standard Savings Account is calculated monthly at 2% per annum. Junior and Golden Savings earn 2.25%, with Junior interest paid quarterly in March, June, September and December."
Is interest monthly or yearly?,"Interest on a standard Savings Account is calculated monthly at 2% per annum. Junior and Golden Savings earn 2.25%, with Junior interest paid quarterly in March, June, September and December."
How does interest work on my account?,"Interest on a standard Savings Account is calculated monthly at 2% per annum. Junior and Golden Savings earn 2.25%, with Junior interest paid quarterly in March, June, September and December."
How much should I save each month?,"Setting aside a fixed amount each month, before you spend it, is what works for most people. The Golden Savings Account is built for exactly that pattern."
What's a realistic savings target?,"Setting aside a fixed amount each month, before you spend it, is what works for most people. The Golden Savings Account is built for exactly that pattern."
Any advice on saving money?,"Setting aside a fixed amount each month, before you spend it, is what works for most people. The Golden Savings Account is built for exactly that pattern."
How do I save more effectively?,"Setting aside a fixed amount each month, before you spend it, is what works for most people. The Golden Savings Account is built for exactly that pattern."
How do I start saving regularly?,"Setting money aside regularly is the habit that matters most. The Golden Savings Account is built around exactly that — monthly deposits in multiples of $100, earning 2.25% per annum."
I want to build a savings habit,"Setting money aside regularly is the habit that matters most. The Golden Savings Account is built around exactly that — monthly deposits in multiples of $100, earning 2.25% per annum."
What's a good way to save each month?,"Setting money aside regularly is the habit that matters most. The Golden Savings Account is built around exactly that — monthly deposits in multiples of $100, earning 2.25% per annum."
Help me save consistently,"Setting money aside regularly is the habit that matters most. The Golden Savings Account is built around exactly that — monthly deposits in multiples of $100, earning 2.25% per annum."
savins account,"Standard Savings at 2% per annum with $100 to open, plus Junior, Golden and Freedom 55 options."
how much interst on savings,"Standard Savings at 2% per annum with $100 to open, plus Junior, Golden and Freedom 55 options."
open a savigns account,"Standard Savings at 2% per annum with $100 to open, plus Junior, Golden and Freedom 55 options."
saveings,"Standard Savings at 2% per annum with $100 to open, plus Junior, Golden and Freedom 55 options."
intrest rate,"Standard Savings at 2% per annum with $100 to open, plus Junior, Golden and Freedom 55 options."
savings,"Standard Savings at 2%, Junior and Golden at 2.25%, and Freedom 55 at 2.1% for customers 55 and over."
savings rates,"Standard Savings at 2%, Junior and Golden at 2.25%, and Freedom 55 at 2.1% for customers 55 and over."
interest rates on savings,"Standard Savings at 2%, Junior and Golden at 2.25%, and Freedom 55 at 2.1% for customers 55 and over."
best savings account,"Standard Savings at 2%, Junior and Golden at 2.25%, and Freedom 55 at 2.1% for customers 55 and over."
i want to save,"Standard Savings at 2%, Junior and Golden at 2.25%, and Freedom 55 at 2.1% for customers 55 and over."
What happens to a junior account when my child turns 18?,"When a Junior Savings account holder reaches adulthood, the account is normally transitioned to a standard account. Visit a branch with identification to make the change."
Does the kids account convert automatically?,"When a Junior Savings account holder reaches adulthood, the account is normally transitioned to a standard account. Visit a branch with identification to make the change."
My child is now an adult — what happens to the account?,"When a Junior Savings account holder reaches adulthood, the account is normally transitioned to a standard account. Visit a branch with identification to make the change."
Can I withdraw from savings anytime?,"Withdrawals from a standard Savings Account are available whenever you need them. You get 2 free in-branch transactions a month, then $5 each."
Is my savings money locked away?,"Withdrawals from a standard Savings Account are available whenever you need them. You get 2 free in-branch transactions a month, then $5 each."
Are there withdrawal restrictions on savings?,"Withdrawals from a standard Savings Account are available whenever you need them. You get 2 free in-branch transactions a month, then $5 each."
How quickly can I access my savings?,"Withdrawals from a standard Savings Account are available whenever you need them. You get 2 free in-branch transactions a month, then $5 each."
How often can I add to my savings?,"Yes — you can pay into your savings account as often as you like, at a branch, at an ATM, or by transferring from another ACB account through the app."
Is there a limit on deposits?,"Yes — you can pay into your savings account as often as you like, at a branch, at an ATM, or by transferring from another ACB account through the app."
Can I top up savings whenever?,"Yes — you can pay into your savings account as often as you like, at a branch, at an ATM, or by transferring from another ACB account through the app."
How do I add money to my savings account?,"Yes — you can pay into your savings account as often as you like, at a branch, at an ATM, or by transferring from another ACB account through the app."
What is a manager's cheque?,"A manager's draft is guaranteed by the bank rather than drawn on your personal balance, which is why it's often requested for large or formal payments. It costs $30 plus Stamp Duty."
How is a bank draft different from a personal cheque?,"A manager's draft is guaranteed by the bank rather than drawn on your personal balance, which is why it's often requested for large or formal payments. It costs $30 plus Stamp Duty."
When would I need a certified cheque?,"A manager's draft is guaranteed by the bank rather than drawn on your personal balance, which is why it's often requested for large or formal payments. It costs $30 plus Stamp Duty."
Why would someone ask for a manager's draft?,"A manager's draft is guaranteed by the bank rather than drawn on your personal balance, which is why it's often requested for large or formal payments. It costs $30 plus Stamp Duty."
What is a post-dated cheque?,"A post-dated cheque shouldn't be presented before the date written on it. If one is deposited early, the receiving bank may return it."
Can I write a cheque for a future date?,"A post-dated cheque shouldn't be presented before the date written on it. If one is deposited early, the receiving bank may return it."
What happens if a post-dated cheque is deposited early?,"A post-dated cheque shouldn't be presented before the date written on it. If one is deposited early, the receiving bank may return it."
Do you accept post-dated cheques?,"A post-dated cheque shouldn't be presented before the date written on it. If one is deposited early, the receiving bank may return it."
How long does a cheque take to clear?,"Clearing times vary depending on the issuing bank. Local cheques clear faster than foreign ones. If you need to know when specific funds will be available, call us on 1-268-481-4200 with the details."
When will my deposited cheque be available?,"Clearing times vary depending on the issuing bank. Local cheques clear faster than foreign ones. If you need to know when specific funds will be available, call us on 1-268-481-4200 with the details."
Cheque clearing time?,"Clearing times vary depending on the issuing bank. Local cheques clear faster than foreign ones. If you need to know when specific funds will be available, call us on 1-268-481-4200 with the details."
How many days for a cheque to clear?,"Clearing times vary depending on the issuing bank. Local cheques clear faster than foreign ones. If you need to know when specific funds will be available, call us on 1-268-481-4200 with the details."
A cheque I deposited bounced,"If a cheque you deposited is returned, the funds are reversed from your account. Contact the person who issued it, and call us on 1-268-481-4200 if you need the details."
What happens if a cheque is returned?,"If a cheque you deposited is returned, the funds are reversed from your account. Contact the person who issued it, and call us on 1-268-481-4200 if you need the details."
The cheque someone gave me didn't clear,"If a cheque you deposited is returned, the funds are reversed from your account. Contact the person who issued it, and call us on 1-268-481-4200 if you need the details."
Why was money taken back from my account?,"If a cheque you deposited is returned, the funds are reversed from your account. Contact the person who issued it, and call us on 1-268-481-4200 if you need the details."
What if I don't have enough money in my account?,"If there isn't enough in the account, a cheque may be returned and a $100 non-sufficient funds fee applies. Keeping a buffer in the account is the simplest way to avoid it."
What happens if a payment fails?,"If there isn't enough in the account, a cheque may be returned and a $100 non-sufficient funds fee applies. Keeping a buffer in the account is the simplest way to avoid it."
Insufficient funds — what now?,"If there isn't enough in the account, a cheque may be returned and a $100 non-sufficient funds fee applies. Keeping a buffer in the account is the simplest way to avoid it."
Will I be charged if a payment bounces?,"If there isn't enough in the account, a cheque may be returned and a $100 non-sufficient funds fee applies. Keeping a buffer in the account is the simplest way to avoid it."
Do you offer overdrafts?,Overdraft arrangements are assessed individually based on your account history and income. Speak with a branch representative on 1-268-481-4200 to discuss whether one is available to you.
Can I go into overdraft?,Overdraft arrangements are assessed individually based on your account history and income. Speak with a branch representative on 1-268-481-4200 to discuss whether one is available to you.
How do I get an overdraft facility?,Overdraft arrangements are assessed individually based on your account history and income. Speak with a branch representative on 1-268-481-4200 to discuss whether one is available to you.
Is there overdraft protection?,Overdraft arrangements are assessed individually based on your account history and income. Speak with a branch representative on 1-268-481-4200 to discuss whether one is available to you.
What is stamp duty?,"Stamp Duty is a government charge applied to certain banking documents and instruments, including cheque books and drafts. It's collected on behalf of the government, not retained by the bank."
Why am I charged stamp duty?,"Stamp Duty is a government charge applied to certain banking documents and instruments, including cheque books and drafts. It's collected on behalf of the government, not retained by the bank."
Who collects stamp duty?,"Stamp Duty is a government charge applied to certain banking documents and instruments, including cheque books and drafts. It's collected on behalf of the government, not retained by the bank."
Is stamp duty a bank fee?,"Stamp Duty is a government charge applied to certain banking documents and instruments, including cheque books and drafts. It's collected on behalf of the government, not retained by the bank."
How do I endorse a cheque?,"To endorse a cheque, sign the back exactly as your name appears on the front. If it's being deposited to an account, write the account number beneath your signature."
Where do I sign a cheque?,"To endorse a cheque, sign the back exactly as your name appears on the front. If it's being deposited to an account, write the account number beneath your signature."
What does endorsing mean?,"To endorse a cheque, sign the back exactly as your name appears on the front. If it's being deposited to an account, write the account number beneath your signature."
Do I need to sign the back of a cheque?,"To endorse a cheque, sign the back exactly as your name appears on the front. If it's being deposited to an account, write the account number beneath your signature."
Can my salary go into my account?,Yes — salary and other income can be paid directly into your chequing account. Give your employer your account number and our details and they can set it up.
How do I set up direct deposit?,Yes — salary and other income can be paid directly into your chequing account. Give your employer your account number and our details and they can set it up.
What details does my employer need?,Yes — salary and other income can be paid directly into your chequing account. Give your employer your account number and our details and they can set it up.
Can my wages be paid in directly?,Yes — salary and other income can be paid directly into your chequing account. Give your employer your account number and our details and they can set it up.
Can I stop a cheque?,"Yes — you can request a stop payment on a cheque. Come into a branch with your identification and the cheque details, and we'll place the instruction on your account."
How do I cancel a cheque I wrote?,"Yes — you can request a stop payment on a cheque. Come into a branch with your identification and the cheque details, and we'll place the instruction on your account."
I need to stop payment on a cheque,"Yes — you can request a stop payment on a cheque. Come into a branch with your identification and the cheque details, and we'll place the instruction on your account."
Can you block a cheque from being cashed?,"Yes — you can request a stop payment on a cheque. Come into a branch with your identification and the cheque details, and we'll place the instruction on your account."
Can I see cheques that cleared?,"You can view cheques that have posted to your account through online banking, which shows them alongside your other transactions."
Where do I check if my cheque went through?,"You can view cheques that have posted to your account through online banking, which shows them alongside your other transactions."
Can I view cheque images online?,"You can view cheques that have posted to your account through online banking, which shows them alongside your other transactions."
How do I know my cheque was cashed?,"You can view cheques that have posted to your account through online banking, which shows them alongside your other transactions."
Where do I find my account number?,"Your account number appears on your statements and in online banking under your account details. On a cheque, it's printed along the bottom."
How do I get my account details?,"Your account number appears on your statements and in online banking under your account details. On a cheque, it's printed along the bottom."
What's my account number?,"Your account number appears on your statements and in online banking under your account details. On a cheque, it's printed along the bottom."
Where is my account number printed?,"Your account number appears on your statements and in online banking under your account details. On a cheque, it's printed along the bottom."
Does my card have tap to pay?,Contactless payments let you tap rather than insert your card for smaller purchases. Availability depends on your card type — ask at any branch which of our cards support it.
Is contactless available?,Contactless payments let you tap rather than insert your card for smaller purchases. Availability depends on your card type — ask at any branch which of our cards support it.
Can I tap my card?,Contactless payments let you tap rather than insert your card for smaller purchases. Availability depends on your card type — ask at any branch which of our cards support it.
Do you offer contactless cards?,Contactless payments let you tap rather than insert your card for smaller purchases. Availability depends on your card type — ask at any branch which of our cards support it.
My card is blocked,If you've entered the wrong PIN several times the card may be blocked for security. Call 1-268-481-4200 or visit a branch with your identification and we'll unblock it.
Why won't my card work?,If you've entered the wrong PIN several times the card may be blocked for security. Call 1-268-481-4200 or visit a branch with your identification and we'll unblock it.
I entered the wrong PIN too many times,If you've entered the wrong PIN several times the card may be blocked for security. Call 1-268-481-4200 or visit a branch with your identification and we'll unblock it.
How do I unblock my card?,If you've entered the wrong PIN several times the card may be blocked for security. Call 1-268-481-4200 or visit a branch with your identification and we'll unblock it.
How do I get my new card?,New cards are usually collected at your branch. We'll let you know when yours is ready — bring your identification to pick it up.
Where do I collect my card?,New cards are usually collected at your branch. We'll let you know when yours is ready — bring your identification to pick it up.
Is my card mailed to me?,New cards are usually collected at your branch. We'll let you know when yours is ready — bring your identification to pick it up.
How long until my card is ready?,New cards are usually collected at your branch. We'll let you know when yours is ready — bring your identification to pick it up.
Why was my card declined at the shop?,"Purchases at Point-of-Sale terminals draw directly from your available balance, so make sure there are funds in the account before you pay."
My payment didn't go through in store,"Purchases at Point-of-Sale terminals draw directly from your available balance, so make sure there are funds in the account before you pay."
Card refused at checkout,"Purchases at Point-of-Sale terminals draw directly from your available balance, so make sure there are funds in the account before you pay."
Why did my transaction fail?,"Purchases at Point-of-Sale terminals draw directly from your available balance, so make sure there are funds in the account before you pay."
credit crad options,"Classic with no annual fee, Gold at $100, Platinum at $200, plus business cards. Rates are 19.50% or 21% with rewards."
i want a creditcard,"Classic with no annual fee, Gold at $100, Platinum at $200, plus business cards. Rates are 19.50% or 21% with rewards."
aply for credit card,"Classic with no annual fee, Gold at $100, Platinum at $200, plus business cards. Rates are 19.50% or 21% with rewards."
card anual fee,"Classic with no annual fee, Gold at $100, Platinum at $200, plus business cards. Rates are 19.50% or 21% with rewards."
how much is a gold crad,"Classic with no annual fee, Gold at $100, Platinum at $200, plus business cards. Rates are 19.50% or 21% with rewards."
credit card,"Classic, Gold and Platinum, in Visa or Mastercard, in EC or US currency. Rates are 19.50% without rewards or 21% with."
cards,"Classic, Gold and Platinum, in Visa or Mastercard, in EC or US currency. Rates are 19.50% without rewards or 21% with."
card options,"Classic, Gold and Platinum, in Visa or Mastercard, in EC or US currency. Rates are 19.50% without rewards or 21% with."
i want a credit card,"Classic, Gold and Platinum, in Visa or Mastercard, in EC or US currency. Rates are 19.50% without rewards or 21% with."
tell me about cards,"Classic, Gold and Platinum, in Visa or Mastercard, in EC or US currency. Rates are 19.50% without rewards or 21% with."
A merchant overcharged me,"If a merchant charged you incorrectly, contact us on 1-268-481-4219 with the date and amount and we'll look into raising a dispute."
How do I dispute a card transaction?,"If a merchant charged you incorrectly, contact us on 1-268-481-4219 with the date and amount and we'll look into raising a dispute."
I was charged twice for one purchase,"If a merchant charged you incorrectly, contact us on 1-268-481-4219 with the date and amount and we'll look into raising a dispute."
Can I get a chargeback?,"If a merchant charged you incorrectly, contact us on 1-268-481-4219 with the date and amount and we'll look into raising a dispute."
Which credit card should I get?,"If you want no annual fee, Classic. If you travel and want assistance services, Gold at $100. If you want the highest line and fullest benefits, Platinum at $200. And for a business, Visa Business Gold or Platinum Business."
Help me choose a card,"If you want no annual fee, Classic. If you travel and want assistance services, Gold at $100. If you want the highest line and fullest benefits, Platinum at $200. And for a business, Visa Business Gold or Platinum Business."
What card suits me best?,"If you want no annual fee, Classic. If you travel and want assistance services, Gold at $100. If you want the highest line and fullest benefits, Platinum at $200. And for a business, Visa Business Gold or Platinum Business."
Recommend a credit card,"If you want no annual fee, Classic. If you travel and want assistance services, Gold at $100. If you want the highest line and fullest benefits, Platinum at $200. And for a business, Visa Business Gold or Platinum Business."
How do I cancel my credit card?,"If you want to cancel a card, call 1-268-481-4219. Clear any outstanding balance first, and remember to update any subscriptions or recurring payments tied to that card."
I want to close my card account,"If you want to cancel a card, call 1-268-481-4219. Clear any outstanding balance first, and remember to update any subscriptions or recurring payments tied to that card."
What do I do before cancelling a card?,"If you want to cancel a card, call 1-268-481-4219. Clear any outstanding balance first, and remember to update any subscriptions or recurring payments tied to that card."
Can I cancel a card with a balance?,"If you want to cancel a card, call 1-268-481-4219. Clear any outstanding balance first, and remember to update any subscriptions or recurring payments tied to that card."
How is credit card interest calculated?,"Interest is charged at 19.50% per annum on cards without rewards, or 21% on rewards cards. Paying the balance in full each month is the way to keep interest charges down."
How do I avoid paying interest?,"Interest is charged at 19.50% per annum on cards without rewards, or 21% on rewards cards. Paying the balance in full each month is the way to keep interest charges down."
Is there a grace period on my card?,"Interest is charged at 19.50% per annum on cards without rewards, or 21% on rewards cards. Paying the balance in full each month is the way to keep interest charges down."
When does interest start accruing?,"Interest is charged at 19.50% per annum on cards without rewards, or 21% on rewards cards. Paying the balance in full each month is the way to keep interest charges down."
How do I activate my new card?,"New cards need to be activated before use. Follow the instructions supplied with the card, or call 1-268-481-4219 and we'll activate it for you."
My card arrived — what now?,"New cards need to be activated before use. Follow the instructions supplied with the card, or call 1-268-481-4219 and we'll activate it for you."
Do I need to activate my credit card?,"New cards need to be activated before use. Follow the instructions supplied with the card, or call 1-268-481-4219 and we'll activate it for you."
How do I start using my new card?,"New cards need to be activated before use. Follow the instructions supplied with the card, or call 1-268-481-4219 and we'll activate it for you."
What happens if I only pay the minimum?,Paying only the 5% minimum keeps the account current but leaves the rest of the balance accruing interest. Paying more than the minimum whenever you can will cost you far less overall.
Is paying the minimum enough?,Paying only the 5% minimum keeps the account current but leaves the rest of the balance accruing interest. Paying more than the minimum whenever you can will cost you far less overall.
Should I pay more than the minimum?,Paying only the 5% minimum keeps the account current but leaves the rest of the balance accruing interest. Paying more than the minimum whenever you can will cost you far less overall.
Is it bad to only make minimum payments?,Paying only the 5% minimum keeps the account current but leaves the rest of the balance accruing interest. Paying more than the minimum whenever you can will cost you far less overall.
How do I use a credit card responsibly?,"Paying the balance in full each month means you avoid interest entirely. If that isn't possible, paying well above the 5% minimum keeps the cost down considerably."
Any tips for managing my card?,"Paying the balance in full each month means you avoid interest entirely. If that isn't possible, paying well above the 5% minimum keeps the cost down considerably."
How do I avoid card debt?,"Paying the balance in full each month means you avoid interest entirely. If that isn't possible, paying well above the 5% minimum keeps the cost down considerably."
Best way to use a credit card?,"Paying the balance in full each month means you avoid interest entirely. If that isn't possible, paying well above the 5% minimum keeps the cost down considerably."
When does my card expire?,"Replacement cards are issued before the expiry date on the front of your card. If yours is close to expiring and you haven't received a new one, call 1-268-481-4219."
Will I get a new card automatically?,"Replacement cards are issued before the expiry date on the front of your card. If yours is close to expiring and you haven't received a new one, call 1-268-481-4219."
My card is expiring soon,"Replacement cards are issued before the expiry date on the front of your card. If yours is close to expiring and you haven't received a new one, call 1-268-481-4219."
How do I renew my credit card?,"Replacement cards are issued before the expiry date on the front of your card. If yours is close to expiring and you haven't received a new one, call 1-268-481-4219."
Can I have two credit cards?,"Yes — you can hold more than one card, and many customers pair a personal card with a business one. Each carries its own annual fee."
Is more than one card allowed?,"Yes — you can hold more than one card, and many customers pair a personal card with a business one. Each carries its own annual fee."
Can I hold a personal and business card?,"Yes — you can hold more than one card, and many customers pair a personal card with a business one. Each carries its own annual fee."
How many cards can I have?,"Yes — you can hold more than one card, and many customers pair a personal card with a business one. Each carries its own annual fee."
Can I get a US dollar credit card?,"Yes — you can request a card in either EC or US currency. Which suits you depends on where you spend most, so it's worth a conversation before you decide."
Are cards available in different currencies?,"Yes — you can request a card in either EC or US currency. Which suits you depends on where you spend most, so it's worth a conversation before you decide."
Should I get an EC or USD card?,"Yes — you can request a card in either EC or US currency. Which suits you depends on where you spend most, so it's worth a conversation before you decide."
What currency will my card be in?,"Yes — you can request a card in either EC or US currency. Which suits you depends on where you spend most, so it's worth a conversation before you decide."
Can I use my credit card online?,"Yes — your ACB Caribbean credit card is accepted for online and international purchases. It's accepted at tens of millions of locations worldwide, including 1.9 million ATMs."
Does my card work for internet purchases?,"Yes — your ACB Caribbean credit card is accepted for online and international purchases. It's accepted at tens of millions of locations worldwide, including 1.9 million ATMs."
Can I shop internationally with my card?,"Yes — your ACB Caribbean credit card is accepted for online and international purchases. It's accepted at tens of millions of locations worldwide, including 1.9 million ATMs."
Is my card accepted worldwide?,"Yes — your ACB Caribbean credit card is accepted for online and international purchases. It's accepted at tens of millions of locations worldwide, including 1.9 million ATMs."
Is there travel assistance with my card?,"Yes — your card gives you access to travel assistance, medical and legal referral services, and Visa Global Customer Assistance toll-free, 24 hours a day, 365 days a year."
Can I get help abroad through my card?,"Yes — your card gives you access to travel assistance, medical and legal referral services, and Visa Global Customer Assistance toll-free, 24 hours a day, 365 days a year."
Does my card include medical referrals?,"Yes — your card gives you access to travel assistance, medical and legal referral services, and Visa Global Customer Assistance toll-free, 24 hours a day, 365 days a year."
What is Visa Global Customer Assistance?,"Yes — your card gives you access to travel assistance, medical and legal referral services, and Visa Global Customer Assistance toll-free, 24 hours a day, 365 days a year."
How much credit do I have left?,Your available credit is your limit less what you've already spent and any pending transactions. You can check it in the ACB Smart App.
Where do I see my available balance on my card?,Your available credit is your limit less what you've already spent and any pending transactions. You can check it in the ACB Smart App.
What's my remaining limit?,Your available credit is your limit less what you've already spent and any pending transactions. You can check it in the ACB Smart App.
How do I check my card balance?,Your available credit is your limit less what you've already spent and any pending transactions. You can check it in the ACB Smart App.
When is my credit card payment due?,"Your statement date and payment due date are shown on your monthly statement and in the ACB Smart App. Paying by the due date avoids the late fee — $45 on Classic and Gold, $100 on Platinum."
What's my billing cycle?,"Your statement date and payment due date are shown on your monthly statement and in the ACB Smart App. Paying by the due date avoids the late fee — $45 on Classic and Gold, $100 on Platinum."
When does my statement close?,"Your statement date and payment due date are shown on your monthly statement and in the ACB Smart App. Paying by the due date avoids the late fee — $45 on Classic and Gold, $100 on Platinum."
What date do I need to pay by?,"Your statement date and payment due date are shown on your monthly statement and in the ACB Smart App. Paying by the due date avoids the late fee — $45 on Classic and Gold, $100 on Platinum."
What's the difference between a guarantor and a co-borrower?,A co-borrower shares the loan and the responsibility for repaying it from the start. A guarantor only steps in if the borrower defaults. Student loans require one or the other.
Should I be a co-borrower or guarantor?,A co-borrower shares the loan and the responsibility for repaying it from the start. A guarantor only steps in if the borrower defaults. Student loans require one or the other.
Is a co-borrower the same as a guarantor?,A co-borrower shares the loan and the responsibility for repaying it from the start. A guarantor only steps in if the borrower defaults. Student loans require one or the other.
What does a guarantor do?,"A guarantor agrees to repay the loan if the borrower cannot. It's a serious commitment, so anyone considering it should understand the obligation fully before signing."
What are a guarantor's responsibilities?,"A guarantor agrees to repay the loan if the borrower cannot. It's a serious commitment, so anyone considering it should understand the obligation fully before signing."
Am I liable if I guarantee someone's loan?,"A guarantor agrees to repay the loan if the borrower cannot. It's a serious commitment, so anyone considering it should understand the obligation fully before signing."
What does it mean to co-sign?,"A guarantor agrees to repay the loan if the borrower cannot. It's a serious commitment, so anyone considering it should understand the obligation fully before signing."
Can I borrow more on my existing loan?,A top-up may be possible depending on your repayment history and how much equity or capacity you have. Speak with a loan officer on 1-268-481-4200.
Can I top up my loan?,A top-up may be possible depending on your repayment history and how much equity or capacity you have. Speak with a loan officer on 1-268-481-4200.
How do I increase my loan amount?,A top-up may be possible depending on your repayment history and how much equity or capacity you have. Speak with a loan officer on 1-268-481-4200.
Can I get additional funds on my current loan?,A top-up may be possible depending on your repayment history and how much equity or capacity you have. Speak with a loan officer on 1-268-481-4200.
I found a car I want to buy,"A vehicle loan needs as little as 5% down and gives you up to 10 years to repay. Bring your two IDs, proof of address and job letter and we can get moving."
How quickly can I get car financing?,"A vehicle loan needs as little as 5% down and gives you up to 10 years to repay. Bring your two IDs, proof of address and job letter and we can get moving."
I need a vehicle loan urgently,"A vehicle loan needs as little as 5% down and gives you up to 10 years to repay. Bring your two IDs, proof of address and job letter and we can get moving."
The dealer needs an answer — how fast can you approve?,"A vehicle loan needs as little as 5% down and gives you up to 10 years to repay. Bring your two IDs, proof of address and job letter and we can get moving."
Could you tell me about your loans?,"Certainly. We offer unsecured loans up to EC$15,000, plus student, vehicle, land, personal, home equity, mortgage and business loans. Which would you like to hear more about?"
I'd like to hear about borrowing options,"Certainly. We offer unsecured loans up to EC$15,000, plus student, vehicle, land, personal, home equity, mortgage and business loans. Which would you like to hear more about?"
Would you explain your loan products?,"Certainly. We offer unsecured loans up to EC$15,000, plus student, vehicle, land, personal, home equity, mortgage and business loans. Which would you like to hear more about?"
May I know what loans you offer?,"Certainly. We offer unsecured loans up to EC$15,000, plus student, vehicle, land, personal, home equity, mortgage and business loans. Which would you like to hear more about?"
What is collateral?,"Collateral is an asset — property, a vehicle, or a cash deposit — pledged as security for a loan. If the loan isn't repaid, the bank can recover its money from that asset."
What counts as security for a loan?,"Collateral is an asset — property, a vehicle, or a cash deposit — pledged as security for a loan. If the loan isn't repaid, the bank can recover its money from that asset."
Can I use my car as security?,"Collateral is an asset — property, a vehicle, or a cash deposit — pledged as security for a loan. If the loan isn't repaid, the bank can recover its money from that asset."
What assets can I pledge?,"Collateral is an asset — property, a vehicle, or a cash deposit — pledged as security for a loan. If the loan isn't repaid, the bank can recover its money from that asset."
"I just started a new job, can I get a loan?","Congratulations on the new job. A job letter confirming your position, years of service and salary is what we'll need for most loan applications, so once you have that you're in good shape."
How long do I need to be employed to borrow?,"Congratulations on the new job. A job letter confirming your position, years of service and salary is what we'll need for most loan applications, so once you have that you're in good shape."
Do I need to be in a job a certain time?,"Congratulations on the new job. A job letter confirming your position, years of service and salary is what we'll need for most loan applications, so once you have that you're in good shape."
I'm on probation at work — can I still apply?,"Congratulations on the new job. A job letter confirming your position, years of service and salary is what we'll need for most loan applications, so once you have that you're in good shape."
Can I consolidate my debts?,"Debt consolidation is one of the things our term loans can be used for — combining several obligations into a single, more manageable repayment. Let's talk through the numbers."
Can I combine my loans into one?,"Debt consolidation is one of the things our term loans can be used for — combining several obligations into a single, more manageable repayment. Let's talk through the numbers."
Is there a consolidation loan?,"Debt consolidation is one of the things our term loans can be used for — combining several obligations into a single, more manageable repayment. Let's talk through the numbers."
I have several debts — can you help?,"Debt consolidation is one of the things our term loans can be used for — combining several obligations into a single, more manageable repayment. Let's talk through the numbers."
Does being an existing customer help?,"Existing customers with a good repayment record are well placed, though every application is assessed on its own merits. Call 1-268-481-4200 to discuss yours."
Will my history with you count?,"Existing customers with a good repayment record are well placed, though every application is assessed on its own merits. Call 1-268-481-4200 to discuss yours."
Do loyal customers get better terms?,"Existing customers with a good repayment record are well placed, though every application is assessed on its own merits. Call 1-268-481-4200 to discuss yours."
I've banked with you for years — does that matter?,"Existing customers with a good repayment record are well placed, though every application is assessed on its own merits. Call 1-268-481-4200 to discuss yours."
Which loan is right for me?,"For under EC$15,000 with no collateral, an unsecured loan. For a car, a vehicle loan at 5% down. For land, zero down with a 24-hour decision. For a home, a mortgage. Tell me what you're funding and I'll narrow it down."
Help me pick a loan,"For under EC$15,000 with no collateral, an unsecured loan. For a car, a vehicle loan at 5% down. For land, zero down with a 24-hour decision. For a home, a mortgage. Tell me what you're funding and I'll narrow it down."
What type of loan do I need?,"For under EC$15,000 with no collateral, an unsecured loan. For a car, a vehicle loan at 5% down. For land, zero down with a 24-hour decision. For a home, a mortgage. Tell me what you're funding and I'll narrow it down."
I'm not sure which loan to apply for,"For under EC$15,000 with no collateral, an unsecured loan. For a car, a vehicle loan at 5% down. For land, zero down with a 24-hour decision. For a home, a mortgage. Tell me what you're funding and I'll narrow it down."
How can I speed up my application?,Having every document ready at the point of application is the single biggest factor. Missing paperwork is what slows most applications down.
What delays a loan application?,Having every document ready at the point of application is the single biggest factor. Missing paperwork is what slows most applications down.
How do I make approval faster?,Having every document ready at the point of application is the single biggest factor. Missing paperwork is what slows most applications down.
What holds up applications?,Having every document ready at the point of application is the single biggest factor. Missing paperwork is what slows most applications down.
What if my application is declined?,"If an application isn't successful, ask us why — often it's something addressable, like documentation or the security offered. Call 1-268-481-4200 to discuss."
Can I reapply after being refused?,"If an application isn't successful, ask us why — often it's something addressable, like documentation or the security offered. Call 1-268-481-4200 to discuss."
Why would a loan be rejected?,"If an application isn't successful, ask us why — often it's something addressable, like documentation or the security offered. Call 1-268-481-4200 to discuss."
Can I appeal a decision?,"If an application isn't successful, ask us why — often it's something addressable, like documentation or the security offered. Call 1-268-481-4200 to discuss."
What if I can't make my loan payment?,"If you're going to miss a payment, tell us before it happens rather than after. Call 1-268-481-4200 — there's usually more we can do when we know in advance."
I'm going to miss a payment,"If you're going to miss a payment, tell us before it happens rather than after. Call 1-268-481-4200 — there's usually more we can do when we know in advance."
What happens if I default?,"If you're going to miss a payment, tell us before it happens rather than after. Call 1-268-481-4200 — there's usually more we can do when we know in advance."
I'm struggling to repay my loan,"If you're going to miss a payment, tell us before it happens rather than after. Call 1-268-481-4200 — there's usually more we can do when we know in advance."
"I'm self-employed, can I get a loan?","If your income is irregular, bring recent financial statements, invoices, an estimate of sales and a completed Declaration of Income form. That gives us a proper picture to work from."
How do I apply if my income varies?,"If your income is irregular, bring recent financial statements, invoices, an estimate of sales and a completed Declaration of Income form. That gives us a proper picture to work from."
I work freelance — will you lend to me?,"If your income is irregular, bring recent financial statements, invoices, an estimate of sales and a completed Declaration of Income form. That gives us a proper picture to work from."
Can contractors get loans?,"If your income is irregular, bring recent financial statements, invoices, an estimate of sales and a completed Declaration of Income form. That gives us a proper picture to work from."
What's the fastest loan you offer?,"Land loans come with zero down payment and a decision within 24 hours, which makes them one of our quickest products to arrange."
Which loan has the quickest decision?,"Land loans come with zero down payment and a decision within 24 hours, which makes them one of our quickest products to arrange."
How soon can land financing be approved?,"Land loans come with zero down payment and a decision within 24 hours, which makes them one of our quickest products to arrange."
Is any loan approved same day?,"Land loans come with zero down payment and a decision within 24 hours, which makes them one of our quickest products to arrange."
Do I need insurance for a loan?,"Life insurance is a requirement on student loans, and may be required on other secured facilities. It protects both you and your family if something happens before the loan is repaid."
Is life insurance required?,"Life insurance is a requirement on student loans, and may be required on other secured facilities. It protects both you and your family if something happens before the loan is repaid."
Why do I need loan insurance?,"Life insurance is a requirement on student loans, and may be required on other secured facilities. It protects both you and your family if something happens before the loan is repaid."
Is credit life mandatory?,"Life insurance is a requirement on student loans, and may be required on other secured facilities. It protects both you and your family if something happens before the loan is repaid."
How do I receive my loan funds?,"Once approved, funds are disbursed to your account or directly to the relevant party — a vendor, a university, or a seller, depending on the loan type."
When is the loan money paid out?,"Once approved, funds are disbursed to your account or directly to the relevant party — a vendor, a university, or a seller, depending on the loan type."
Does the money go to me or the seller?,"Once approved, funds are disbursed to your account or directly to the relevant party — a vendor, a university, or a seller, depending on the loan type."
How is a student loan disbursed?,"Once approved, funds are disbursed to your account or directly to the relevant party — a vendor, a university, or a seller, depending on the loan type."
Who does the property valuation?,Property used as security has to be valued by a bank-approved valuator. You'll need the valuation report as part of your land or mortgage application.
Can I use my own valuator?,Property used as security has to be valued by a bank-approved valuator. You'll need the valuation report as part of your land or mortgage application.
Do I need an approved valuator?,Property used as security has to be valued by a bank-approved valuator. You'll need the valuation report as part of your land or mortgage application.
How does the valuation process work?,Property used as security has to be valued by a bank-approved valuator. You'll need the valuation report as part of your land or mortgage application.
Can I restructure my loan?,Restructuring or deferment may be possible depending on your circumstances. It's assessed case by case — call 1-268-481-4200 and ask to discuss your loan.
Is a payment holiday possible?,Restructuring or deferment may be possible depending on your circumstances. It's assessed case by case — call 1-268-481-4200 and ask to discuss your loan.
Can I defer my loan payments?,Restructuring or deferment may be possible depending on your circumstances. It's assessed case by case — call 1-268-481-4200 and ask to discuss your loan.
Can my loan terms be changed?,Restructuring or deferment may be possible depending on your circumstances. It's assessed case by case — call 1-268-481-4200 and ask to discuss your loan.
Can I get a loan if I'm retired?,Retired customers can absolutely apply. Bring documentation of your pension or other income alongside the usual identification and proof of address.
Do you lend to pensioners?,Retired customers can absolutely apply. Bring documentation of your pension or other income alongside the usual identification and proof of address.
I'm on a pension — can I borrow?,Retired customers can absolutely apply. Bring documentation of your pension or other income alongside the usual identification and proof of address.
Is there an age limit for loans?,Retired customers can absolutely apply. Bring documentation of your pension or other income alongside the usual identification and proof of address.
Is a student loan paid in one go?,Student loans are typically disbursed in line with your university's fee schedule rather than all at once — which is why we ask for the schedule with your application.
How are education funds released?,Student loans are typically disbursed in line with your university's fee schedule rather than all at once — which is why we ask for the schedule with your application.
Does the money go straight to the university?,Student loans are typically disbursed in line with your university's fee schedule rather than all at once — which is why we ask for the schedule with your application.
When does each disbursement happen?,Student loans are typically disbursed in line with your university's fee schedule rather than all at once — which is why we ask for the schedule with your application.
How much should I borrow?,The general guidance is to borrow only what you can comfortably repay alongside your existing commitments. The loan calculator on our site will show you the monthly figure before you commit.
Is it wise to take a loan?,The general guidance is to borrow only what you can comfortably repay alongside your existing commitments. The loan calculator on our site will show you the monthly figure before you commit.
How do I know if I can afford repayments?,The general guidance is to borrow only what you can comfortably repay alongside your existing commitments. The loan calculator on our site will show you the monthly figure before you commit.
What's a sensible amount to borrow?,The general guidance is to borrow only what you can comfortably repay alongside your existing commitments. The loan calculator on our site will show you the monthly figure before you commit.
i need a loam,"We offer unsecured, student, vehicle, land, personal, home equity and business loans. Which one are you interested in?"
loan informaton,"We offer unsecured, student, vehicle, land, personal, home equity and business loans. Which one are you interested in?"
tell me about loands,"We offer unsecured, student, vehicle, land, personal, home equity and business loans. Which one are you interested in?"
aplly for loan,"We offer unsecured, student, vehicle, land, personal, home equity and business loans. Which one are you interested in?"
loan aplication,"We offer unsecured, student, vehicle, land, personal, home equity and business loans. Which one are you interested in?"
Can I estimate payments first?,Yes — a loan calculator is available on our loan pages so you can estimate your monthly instalment before applying.
Is there a calculator on your site?,Yes — a loan calculator is available on our loan pages so you can estimate your monthly instalment before applying.
Can I see what I'd pay monthly?,Yes — a loan calculator is available on our loan pages so you can estimate your monthly instalment before applying.
Do you have a repayment estimator?,Yes — a loan calculator is available on our loan pages so you can estimate your monthly instalment before applying.
Can my partner and I apply together?,"Yes — a loan can be arranged in joint names, which sometimes helps with the amount available. Both parties provide the full set of documents."
Is a joint loan possible?,"Yes — a loan can be arranged in joint names, which sometimes helps with the amount available. Both parties provide the full set of documents."
Can two people take out a loan?,"Yes — a loan can be arranged in joint names, which sometimes helps with the amount available. Both parties provide the full set of documents."
Does applying jointly help?,"Yes — a loan can be arranged in joint names, which sometimes helps with the amount available. Both parties provide the full set of documents."
Can I make extra loan payments?,Yes — you can make additional payments toward your loan to reduce the balance faster. Speak with us so the extra payment is applied the way you intend.
Can I pay more than my instalment?,Yes — you can make additional payments toward your loan to reduce the balance faster. Speak with us so the extra payment is applied the way you intend.
How do I reduce my loan faster?,Yes — you can make additional payments toward your loan to reduce the balance faster. Speak with us so the extra payment is applied the way you intend.
Will additional payments lower my interest?,Yes — you can make additional payments toward your loan to reduce the balance faster. Speak with us so the extra payment is applied the way you intend.
Can I use my savings as loan security?,Yes — you can use funds held with us as cash security for a loan. You'll need to provide the bank statement for the account being pledged.
What is cash security?,Yes — you can use funds held with us as cash security for a loan. You'll need to provide the bank statement for the account being pledged.
Can my fixed deposit back a loan?,Yes — you can use funds held with us as cash security for a loan. You'll need to provide the bank statement for the account being pledged.
Can I borrow against my deposit?,Yes — you can use funds held with us as cash security for a loan. You'll need to provide the bank statement for the account being pledged.
how much can i borrow,"You can borrow up to EC$15,000 unsecured over 3 to 5 years, or more with security. Tell me what it's for and I'll point you to the right product."
loan amount,"You can borrow up to EC$15,000 unsecured over 3 to 5 years, or more with security. Tell me what it's for and I'll point you to the right product."
borrowing limit,"You can borrow up to EC$15,000 unsecured over 3 to 5 years, or more with security. Tell me what it's for and I'll point you to the right product."
max loan,"You can borrow up to EC$15,000 unsecured over 3 to 5 years, or more with security. Tell me what it's for and I'll point you to the right product."
How do I get a loan statement?,"You can request a loan statement showing your balance, payments made and interest charged. Ask at any branch or call 1-268-481-4200."
What's my loan balance?,"You can request a loan statement showing your balance, payments made and interest charged. Ask at any branch or call 1-268-481-4200."
Can I see my repayment history?,"You can request a loan statement showing your balance, payments made and interest charged. Ask at any branch or call 1-268-481-4200."
How much do I still owe?,"You can request a loan statement showing your balance, payments made and interest charged. Ask at any branch or call 1-268-481-4200."
Can I pay off my loan early?,"You're welcome to pay a loan off ahead of schedule. Terms differ by product, so call 1-268-481-4200 to get a settlement figure and confirm whether any charges apply."
Is there a penalty for early repayment?,"You're welcome to pay a loan off ahead of schedule. Terms differ by product, so call 1-268-481-4200 to get a settlement figure and confirm whether any charges apply."
How do I settle my loan ahead of time?,"You're welcome to pay a loan off ahead of schedule. Terms differ by product, so call 1-268-481-4200 to get a settlement figure and confirm whether any charges apply."
What's my payoff amount?,"You're welcome to pay a loan off ahead of schedule. Terms differ by product, so call 1-268-481-4200 to get a settlement figure and confirm whether any charges apply."
What do I need saved for a mortgage?,"A deposit strengthens your application, and a valuation from a bank-approved valuator will be needed for the property. Bring your identification, proof of address and job letter to get started."
How much deposit for a house?,"A deposit strengthens your application, and a valuation from a bank-approved valuator will be needed for the property. Bring your identification, proof of address and job letter to get started."
Do I need money down for a mortgage?,"A deposit strengthens your application, and a valuation from a bank-approved valuator will be needed for the property. Bring your identification, proof of address and job letter to get started."
What's required upfront for a home loan?,"A deposit strengthens your application, and a valuation from a bank-approved valuator will be needed for the property. Bring your identification, proof of address and job letter to get started."
Should I buy or rent?,Buying a home is likely the largest financial commitment you'll make. Come and talk it through on 1-268-481-4200 before you commit — that conversation is free and usually worth having early.
Is now a good time to buy a house?,Buying a home is likely the largest financial commitment you'll make. Come and talk it through on 1-268-481-4200 before you commit — that conversation is free and usually worth having early.
Am I ready for a mortgage?,Buying a home is likely the largest financial commitment you'll make. Come and talk it through on 1-268-481-4200 before you commit — that conversation is free and usually worth having early.
What should I consider before buying?,Buying a home is likely the largest financial commitment you'll make. Come and talk it through on 1-268-481-4200 before you commit — that conversation is free and usually worth having early.
How much house can I afford?,"Every situation is different, so the honest answer is that it depends on your income, deposit and other obligations. Book an appointment on 1-268-481-4200 and we'll work through the numbers with you."
What mortgage would I qualify for?,"Every situation is different, so the honest answer is that it depends on your income, deposit and other obligations. Book an appointment on 1-268-481-4200 and we'll work through the numbers with you."
How big a mortgage can I get?,"Every situation is different, so the honest answer is that it depends on your income, deposit and other obligations. Book an appointment on 1-268-481-4200 and we'll work through the numbers with you."
What's my borrowing capacity?,"Every situation is different, so the honest answer is that it depends on your income, deposit and other obligations. Book an appointment on 1-268-481-4200 and we'll work through the numbers with you."
home loan info,"Residential mortgages for buying or building, handled by ACB Mortgage & Trust on 1-268-481-4300."
mortgage rates,"Residential mortgages for buying or building, handled by ACB Mortgage & Trust on 1-268-481-4300."
house loan,"Residential mortgages for buying or building, handled by ACB Mortgage & Trust on 1-268-481-4300."
property financing,"Residential mortgages for buying or building, handled by ACB Mortgage & Trust on 1-268-481-4300."
buying a home,"Residential mortgages for buying or building, handled by ACB Mortgage & Trust on 1-268-481-4300."
mortgage,We offer residential mortgages for buying or building. Call 1-268-481-4200 or 1-268-481-4300 for ACB Mortgage & Trust.
home loan,We offer residential mortgages for buying or building. Call 1-268-481-4200 or 1-268-481-4300 for ACB Mortgage & Trust.
house financing,We offer residential mortgages for buying or building. Call 1-268-481-4200 or 1-268-481-4300 for ACB Mortgage & Trust.
buying property,We offer residential mortgages for buying or building. Call 1-268-481-4200 or 1-268-481-4300 for ACB Mortgage & Trust.
morgage,"We offer residential mortgages. Call 1-268-481-4200, or ACB Mortgage & Trust on 1-268-481-4300."
mortage application,"We offer residential mortgages. Call 1-268-481-4200, or ACB Mortgage & Trust on 1-268-481-4300."
i need a morgage,"We offer residential mortgages. Call 1-268-481-4200, or ACB Mortgage & Trust on 1-268-481-4300."
home lone,"We offer residential mortgages. Call 1-268-481-4200, or ACB Mortgage & Trust on 1-268-481-4300."
house mortage,"We offer residential mortgages. Call 1-268-481-4200, or ACB Mortgage & Trust on 1-268-481-4300."
Is mortgage a separate department?,Yes — ACB Mortgage & Trust handles mortgages alongside Fixed Deposits and the Thrift Fund. Reach them on 1-268-481-4300.
Does Mortgage and Trust do more than mortgages?,Yes — ACB Mortgage & Trust handles mortgages alongside Fixed Deposits and the Thrift Fund. Reach them on 1-268-481-4300.
What does ACB Mortgage and Trust handle?,Yes — ACB Mortgage & Trust handles mortgages alongside Fixed Deposits and the Thrift Fund. Reach them on 1-268-481-4300.
Is Mortgage and Trust part of ACB?,Yes — ACB Mortgage & Trust handles mortgages alongside Fixed Deposits and the Thrift Fund. Reach them on 1-268-481-4300.
online banking,"Balances, statements, transfers, wires, EFTs, P2P, bill payments, standing orders and credit card payments — all in the ACB Smart App."
internet banking,"Balances, statements, transfers, wires, EFTs, P2P, bill payments, standing orders and credit card payments — all in the ACB Smart App."
digital banking,"Balances, statements, transfers, wires, EFTs, P2P, bill payments, standing orders and credit card payments — all in the ACB Smart App."
banking online,"Balances, statements, transfers, wires, EFTs, P2P, bill payments, standing orders and credit card payments — all in the ACB Smart App."
web banking,"Balances, statements, transfers, wires, EFTs, P2P, bill payments, standing orders and credit card payments — all in the ACB Smart App."
Why can't I pay my card in online banking?,"Credit card payments go through the ACB Smart App. That's the designated channel, so if you're paying a card balance you'll need the app installed."
Is the app the only way to pay my credit card?,"Credit card payments go through the ACB Smart App. That's the designated channel, so if you're paying a card balance you'll need the app installed."
Can I pay my card without the app?,"Credit card payments go through the ACB Smart App. That's the designated channel, so if you're paying a card balance you'll need the app installed."
Where do card payments happen?,"Credit card payments go through the ACB Smart App. That's the designated channel, so if you're paying a card balance you'll need the app installed."
app,"Download the ACB Smart App free from the App Store or Play Store, then email connect@acbonline.com to get registered."
mobile banking,"Download the ACB Smart App free from the App Store or Play Store, then email connect@acbonline.com to get registered."
get the app,"Download the ACB Smart App free from the App Store or Play Store, then email connect@acbonline.com to get registered."
i want the app,"Download the ACB Smart App free from the App Store or Play Store, then email connect@acbonline.com to get registered."
Why does online banking log me out?,"For your protection, sessions time out after a period of inactivity. Simply sign back in — and it's good practice to log out yourself when you've finished."
My session keeps expiring,"For your protection, sessions time out after a period of inactivity. Simply sign back in — and it's good practice to log out yourself when you've finished."
How long before I'm logged out?,"For your protection, sessions time out after a period of inactivity. Simply sign back in — and it's good practice to log out yourself when you've finished."
Why do I keep getting signed out?,"For your protection, sessions time out after a period of inactivity. Simply sign back in — and it's good practice to log out yourself when you've finished."
Could you explain the app to me?,"Happy to. The ACB Smart App handles transfers, wires, EFTs, P2P payments, bill payments, standing orders, statements and credit card payments. It's free on both app stores."
I'd like to understand mobile banking,"Happy to. The ACB Smart App handles transfers, wires, EFTs, P2P payments, bill payments, standing orders, statements and credit card payments. It's free on both app stores."
Would you tell me what the app does?,"Happy to. The ACB Smart App handles transfers, wires, EFTs, P2P payments, bill payments, standing orders, statements and credit card payments. It's free on both app stores."
May I know more about digital banking?,"Happy to. The ACB Smart App handles transfers, wires, EFTs, P2P payments, bill payments, standing orders, statements and credit card payments. It's free on both app stores."
I was charged twice,"If a payment was taken twice, contact us on 1-268-481-4200 with the date and amount and we'll investigate the duplicate."
There's a duplicate transaction,"If a payment was taken twice, contact us on 1-268-481-4200 with the date and amount and we'll investigate the duplicate."
The same payment came out twice,"If a payment was taken twice, contact us on 1-268-481-4200 with the date and amount and we'll investigate the duplicate."
Double charge on my account,"If a payment was taken twice, contact us on 1-268-481-4200 with the date and amount and we'll investigate the duplicate."
My transfer hasn't arrived,"If a transfer hasn't arrived, check the details you entered first — a wrong account number is the usual cause. If everything looks right, call 1-268-481-4200 with the reference."
The money I sent is missing,"If a transfer hasn't arrived, check the details you entered first — a wrong account number is the usual cause. If everything looks right, call 1-268-481-4200 with the reference."
Where did my payment go?,"If a transfer hasn't arrived, check the details you entered first — a wrong account number is the usual cause. If everything looks right, call 1-268-481-4200 with the reference."
The recipient says they didn't get it,"If a transfer hasn't arrived, check the details you entered first — a wrong account number is the usual cause. If everything looks right, call 1-268-481-4200 with the reference."
"I got a new phone, how do I set up the app?","If you've changed phones, install the ACB Smart App from the App Store or Play Store and sign in with your existing credentials. If you hit a snag, email connect@acbonline.com."
How do I move the app to a new device?,"If you've changed phones, install the ACB Smart App from the App Store or Play Store and sign in with your existing credentials. If you hit a snag, email connect@acbonline.com."
Do I need to re-register on a new phone?,"If you've changed phones, install the ACB Smart App from the App Store or Play Store and sign in with your existing credentials. If you hit a snag, email connect@acbonline.com."
Changed my phone — will the app still work?,"If you've changed phones, install the ACB Smart App from the App Store or Play Store and sign in with your existing credentials. If you hit a snag, email connect@acbonline.com."
How do I add a payee?,"In the ACB Smart App you can add a payee for P2P transfers by entering their Mobile ID, a nickname, their account number and a reference, then confirming."
How do I save someone's details for transfers?,"In the ACB Smart App you can add a payee for P2P transfers by entering their Mobile ID, a nickname, their account number and a reference, then confirming."
Can I add a recipient in the app?,"In the ACB Smart App you can add a payee for P2P transfers by entering their Mobile ID, a nickname, their account number and a reference, then confirming."
How do I set up a new beneficiary?,"In the ACB Smart App you can add a payee for P2P transfers by entering their Mobile ID, a nickname, their account number and a reference, then confirming."
Why does my contact info need to be current?,"Keeping your registered email and phone number current matters, because that's how we reach you about your accounts. Update them at any branch with your identification."
How do I update my email for online banking?,"Keeping your registered email and phone number current matters, because that's how we reach you about your accounts. Update them at any branch with your identification."
My phone number changed — does the bank need to know?,"Keeping your registered email and phone number current matters, because that's how we reach you about your accounts. Update them at any branch with your identification."
Where do I change my registered details?,"Keeping your registered email and phone number current matters, because that's how we reach you about your accounts. Update them at any branch with your identification."
What is a one-time code?,One-time codes add a second layer of protection beyond your password. Never share a verification code with anyone — including someone claiming to be from ACB Caribbean.
Why do I get a verification code?,One-time codes add a second layer of protection beyond your password. Never share a verification code with anyone — including someone claiming to be from ACB Caribbean.
Should I share my OTP?,One-time codes add a second layer of protection beyond your password. Never share a verification code with anyone — including someone claiming to be from ACB Caribbean.
What's two-factor authentication?,One-time codes add a second layer of protection beyond your password. Never share a verification code with anyone — including someone claiming to be from ACB Caribbean.
What can I do online versus in branch?,"Online banking and the app cover most day-to-day needs — balances, statements, transfers, bill payments and card payments. Account opening, cash handling and document requests need a branch."
Do I need to visit for everything?,"Online banking and the app cover most day-to-day needs — balances, statements, transfers, bill payments and card payments. Account opening, cash handling and document requests need a branch."
What still requires a branch visit?,"Online banking and the app cover most day-to-day needs — balances, statements, transfers, bill payments and card payments. Account opening, cash handling and document requests need a branch."
Which things can't be done online?,"Online banking and the app cover most day-to-day needs — balances, statements, transfers, bill payments and card payments. Account opening, cash handling and document requests need a branch."
Is there a manual for online banking?,"The Digital Banking Guide on our website walks through registration and the main features step by step. For anything it doesn't cover, email connect@acbonline.com."
Where can I learn to use the app?,"The Digital Banking Guide on our website walks through registration and the main features step by step. For anything it doesn't cover, email connect@acbonline.com."
Do you have a user guide?,"The Digital Banking Guide on our website walks through registration and the main features step by step. For anything it doesn't cover, email connect@acbonline.com."
How do I learn digital banking?,"The Digital Banking Guide on our website walks through registration and the main features step by step. For anything it doesn't cover, email connect@acbonline.com."
forgot my pasword,"Use the 'Forgot Password' link on the login page, or call 1-268-481-4200 and we'll help you reset it."
cant login,"Use the 'Forgot Password' link on the login page, or call 1-268-481-4200 and we'll help you reset it."
reset pasword,"Use the 'Forgot Password' link on the login page, or call 1-268-481-4200 and we'll help you reset it."
i cant get in to my acount,"Use the 'Forgot Password' link on the login page, or call 1-268-481-4200 and we'll help you reset it."
login problem,"Use the 'Forgot Password' link on the login page, or call 1-268-481-4200 and we'll help you reset it."
Is online banking available all day?,"Yes — online banking and the ACB Smart App are available 24 hours a day, seven days a week."
Can I bank at midnight?,"Yes — online banking and the ACB Smart App are available 24 hours a day, seven days a week."
Is the app always on?,"Yes — online banking and the ACB Smart App are available 24 hours a day, seven days a week."
Do you have 24 hour banking?,"Yes — online banking and the ACB Smart App are available 24 hours a day, seven days a week."
Can I set a standing order in the app?,"Yes — standing orders can be set up through the ACB Smart App, so you don't need to come in for recurring payments."
Do I have to visit a branch for recurring payments?,"Yes — standing orders can be set up through the ACB Smart App, so you don't need to come in for recurring payments."
Is standing order setup available online?,"Yes — standing orders can be set up through the ACB Smart App, so you don't need to come in for recurring payments."
Can I automate payments from my phone?,"Yes — standing orders can be set up through the ACB Smart App, so you don't need to come in for recurring payments."
Which bills can I pay?,"Yes — you can pay your utility bills through online banking, the ACB Smart App, or at any of our ATMs, and the Bill Payment Service is free for account holders."
Can I pay water and electricity?,"Yes — you can pay your utility bills through online banking, the ACB Smart App, or at any of our ATMs, and the Bill Payment Service is free for account holders."
What billers are available?,"Yes — you can pay your utility bills through online banking, the ACB Smart App, or at any of our ATMs, and the Bill Payment Service is free for account holders."
Is bill payment free?,"Yes — you can pay your utility bills through online banking, the ACB Smart App, or at any of our ATMs, and the Bill Payment Service is free for account holders."
Can I move money between my own accounts?,"Yes — you can transfer between your own ACB accounts at no cost, and it's immediate."
Is an internal transfer free?,"Yes — you can transfer between your own ACB accounts at no cost, and it's immediate."
How fast is a transfer between my accounts?,"Yes — you can transfer between your own ACB accounts at no cost, and it's immediate."
Can I shift funds from savings to chequing?,"Yes — you can transfer between your own ACB accounts at no cost, and it's immediate."
Can I bank while I'm abroad?,"You can check balances, move money, pay bills and send transfers from wherever you are — the app works the same overseas as it does at home."
Does online banking work overseas?,"You can check balances, move money, pay bills and send transfers from wherever you are — the app works the same overseas as it does at home."
I'm travelling — can I still access my account?,"You can check balances, move money, pay bills and send transfers from wherever you are — the app works the same overseas as it does at home."
Will the app work in another country?,"You can check balances, move money, pay bills and send transfers from wherever you are — the app works the same overseas as it does at home."
Is downloading my statement free?,You can download statements directly from online banking at no cost. Paper duplicates requested from us are $10 per month of statements.
Do I have to pay for online statements?,You can download statements directly from online banking at no cost. Paper duplicates requested from us are $10 per month of statements.
Difference in cost between paper and digital statements?,You can download statements directly from online banking at no cost. Paper duplicates requested from us are $10 per month of statements.
Can I get statements without a fee?,You can download statements directly from online banking at no cost. Paper duplicates requested from us are $10 per month of statements.
Who supports online banking?,"You can reach the digital banking team on connect@acbonline.com, or call 1-268-481-4200 during banking hours."
Is there a technical helpline?,"You can reach the digital banking team on connect@acbonline.com, or call 1-268-481-4200 during banking hours."
Who do I email about app issues?,"You can reach the digital banking team on connect@acbonline.com, or call 1-268-481-4200 during banking hours."
Digital banking support contact?,"You can reach the digital banking team on connect@acbonline.com, or call 1-268-481-4200 during banking hours."
Can I see my transaction history online?,"You can review your transaction history through online banking or the app, and download statements for your records."
How far back does my history go?,"You can review your transaction history through online banking or the app, and download statements for your records."
Can I export my transactions?,"You can review your transaction history through online banking or the app, and download statements for your records."
Where do I view past transactions?,"You can review your transaction history through online banking or the app, and download statements for your records."
Can I save a transfer for reuse?,You can save transfer details as a template so you don't have to re-enter them each time — useful for payments you make regularly.
How do templates work in the app?,You can save transfer details as a template so you don't have to re-enter them each time — useful for payments you make regularly.
Can I repeat a previous transfer?,You can save transfer details as a template so you don't have to re-enter them each time — useful for payments you make regularly.
Is there a way to avoid retyping transfer details?,You can save transfer details as a template so you don't have to re-enter them each time — useful for payments you make regularly.
Can I see all my accounts in the app?,"You can view all your ACB accounts in one place through online banking or the app, and move money between them free of charge."
Does the app show multiple accounts?,"You can view all your ACB accounts in one place through online banking or the app, and move money between them free of charge."
Can I switch between my accounts?,"You can view all your ACB accounts in one place through online banking or the app, and move money between them free of charge."
How do I view my other accounts?,"You can view all your ACB accounts in one place through online banking or the app, and move money between them free of charge."
How do I change a standing order?,Amending or cancelling an existing standing order costs $25. Come into a branch or call 1-268-481-4200 to make the change.
Can I stop an automatic payment?,Amending or cancelling an existing standing order costs $25. Come into a branch or call 1-268-481-4200 to make the change.
What's the fee to cancel a standing order?,Amending or cancelling an existing standing order costs $25. Come into a branch or call 1-268-481-4200 to make the change.
I need to update my recurring payment,Amending or cancelling an existing standing order costs $25. Come into a branch or call 1-268-481-4200 to make the change.
What are correspondent bank charges?,"Correspondent bank charges are fees applied by the intermediary banks that route your payment. They're separate from our wire fee and vary by corridor, which is why we quote them as an addition."
Why are there extra fees on my wire?,"Correspondent bank charges are fees applied by the intermediary banks that route your payment. They're separate from our wire fee and vary by corridor, which is why we quote them as an addition."
Who charges the intermediary fee?,"Correspondent bank charges are fees applied by the intermediary banks that route your payment. They're separate from our wire fee and vary by corridor, which is why we quote them as an addition."
Why did the recipient get less than I sent?,"Correspondent bank charges are fees applied by the intermediary banks that route your payment. They're separate from our wire fee and vary by corridor, which is why we quote them as an addition."
Is it cheaper to transfer online?,"Doing it online or in the app is cheaper. A wire to the US is $100 in the app versus $120 in branch, and to the Caribbean it's $55 versus $65."
Should I do my wire in branch or the app?,"Doing it online or in the app is cheaper. A wire to the US is $100 in the app versus $120 in branch, and to the Caribbean it's $55 versus $65."
How much do I save using the app?,"Doing it online or in the app is cheaper. A wire to the US is $100 in the app versus $120 in branch, and to the Caribbean it's $55 versus $65."
Why does a branch transfer cost more?,"Doing it online or in the app is cheaper. A wire to the US is $100 in the app versus $120 in branch, and to the Caribbean it's $55 versus $65."
Can I use an EFT to send money overseas?,"EFTs work within the OECS in Eastern Caribbean currency. For payments outside that network, or in another currency, a wire transfer is the right route."
Does EFT work outside the OECS?,"EFTs work within the OECS in Eastern Caribbean currency. For payments outside that network, or in another currency, a wire transfer is the right route."
Can I send USD by EFT?,"EFTs work within the OECS in Eastern Caribbean currency. For payments outside that network, or in another currency, a wire transfer is the right route."
Which countries does EFT cover?,"EFTs work within the OECS in Eastern Caribbean currency. For payments outside that network, or in another currency, a wire transfer is the right route."
What details do I need to send money abroad?,"For an international transfer you'll generally need the recipient's full name and address, their account number or IBAN, and their bank's SWIFT or BIC code. Missing details are the most common cause of delays."
What information for an international transfer?,"For an international transfer you'll generally need the recipient's full name and address, their account number or IBAN, and their bank's SWIFT or BIC code. Missing details are the most common cause of delays."
Do I need a SWIFT code?,"For an international transfer you'll generally need the recipient's full name and address, their account number or IBAN, and their bank's SWIFT or BIC code. Missing details are the most common cause of delays."
What's an IBAN?,"For an international transfer you'll generally need the recipient's full name and address, their account number or IBAN, and their bank's SWIFT or BIC code. Missing details are the most common cause of delays."
I sent money to the wrong account,"If a wire has gone out with incorrect details, contact us immediately on 1-268-481-4200. Recalls depend on the receiving bank and aren't guaranteed, so speed matters."
Can I cancel a wire transfer?,"If a wire has gone out with incorrect details, contact us immediately on 1-268-481-4200. Recalls depend on the receiving bank and aren't guaranteed, so speed matters."
How do I recall a payment?,"If a wire has gone out with incorrect details, contact us immediately on 1-268-481-4200. Recalls depend on the receiving bank and aren't guaranteed, so speed matters."
I made a mistake on my transfer,"If a wire has gone out with incorrect details, contact us immediately on 1-268-481-4200. Recalls depend on the receiving bank and aren't guaranteed, so speed matters."
How does payroll reach my staff?,"Payroll runs through ECACH, our regional clearing network, and can be processed manually or electronically depending on what suits your business."
When do employees get paid?,"Payroll runs through ECACH, our regional clearing network, and can be processed manually or electronically depending on what suits your business."
How does the payroll run work?,"Payroll runs through ECACH, our regional clearing network, and can be processed manually or electronically depending on what suits your business."
What network processes payroll?,"Payroll runs through ECACH, our regional clearing network, and can be processed manually or electronically depending on what suits your business."
How do I send money to family overseas?,"Sending money home to family is straightforward — an EFT for OECS destinations at $1.50, or a wire for anywhere further afield starting at $55 to the Caribbean."
What's the cheapest way to send money abroad?,"Sending money home to family is straightforward — an EFT for OECS destinations at $1.50, or a wire for anywhere further afield starting at $55 to the Caribbean."
Can I make regular payments to relatives?,"Sending money home to family is straightforward — an EFT for OECS destinations at $1.50, or a wire for anywhere further afield starting at $55 to the Caribbean."
Best way to send remittances?,"Sending money home to family is straightforward — an EFT for OECS destinations at $1.50, or a wire for anywhere further afield starting at $55 to the Caribbean."
Is there a cut-off time for transfers?,"Transfers submitted after the daily cut-off are processed the next business day. If timing is critical, call 1-268-481-4200 to confirm the cut-off for your corridor."
What time do transfers stop for the day?,"Transfers submitted after the daily cut-off are processed the next business day. If timing is critical, call 1-268-481-4200 to confirm the cut-off for your corridor."
"If I send money now, when is it processed?","Transfers submitted after the daily cut-off are processed the next business day. If timing is critical, call 1-268-481-4200 to confirm the cut-off for your corridor."
Do weekends affect transfer timing?,"Transfers submitted after the daily cut-off are processed the next business day. If timing is critical, call 1-268-481-4200 to confirm the cut-off for your corridor."
transfer,"Wires for international, EFTs at $1.50 within the OECS, P2P for other ACB customers, and standing orders for anything recurring."
send money,"Wires for international, EFTs at $1.50 within the OECS, P2P for other ACB customers, and standing orders for anything recurring."
how to transfer,"Wires for international, EFTs at $1.50 within the OECS, P2P for other ACB customers, and standing orders for anything recurring."
i want to send money,"Wires for international, EFTs at $1.50 within the OECS, P2P for other ACB customers, and standing orders for anything recurring."
payments,"Wires for international, EFTs at $1.50 within the OECS, P2P for other ACB customers, and standing orders for anything recurring."
how much to transfor money,Wires start at $55 to the Caribbean and $100 to the US when sent online or through the app. EFTs within the OECS are $1.50.
wire transfor fee,Wires start at $55 to the Caribbean and $100 to the US when sent online or through the app. EFTs within the OECS are $1.50.
sending money oversees,Wires start at $55 to the Caribbean and $100 to the US when sent online or through the app. EFTs within the OECS are $1.50.
internatinal transfer,Wires start at $55 to the Caribbean and $100 to the US when sent online or through the app. EFTs within the OECS are $1.50.
transfer chages,Wires start at $55 to the Caribbean and $100 to the US when sent online or through the app. EFTs within the OECS are $1.50.
Can I pay someone at a different bank?,"Yes — you can send money to someone at another bank in the OECS using an EFT, for a flat $1.50 per transaction."
Does the recipient need an ACB account?,"Yes — you can send money to someone at another bank in the OECS using an EFT, for a flat $1.50 per transaction."
Can I transfer to another local bank?,"Yes — you can send money to someone at another bank in the OECS using an EFT, for a flat $1.50 per transaction."
Do both parties need to bank with you?,"Yes — you can send money to someone at another bank in the OECS using an EFT, for a flat $1.50 per transaction."
Can I get proof of a transfer?,"You can obtain confirmation of a completed transfer through online banking or by asking us for a copy. It's worth keeping for your records, particularly on international payments."
How do I get a transfer receipt?,"You can obtain confirmation of a completed transfer through online banking or by asking us for a copy. It's worth keeping for your records, particularly on international payments."
I need confirmation my payment went through,"You can obtain confirmation of a completed transfer through online banking or by asking us for a copy. It's worth keeping for your records, particularly on international payments."
Where's my transfer confirmation?,"You can obtain confirmation of a completed transfer through online banking or by asking us for a copy. It's worth keeping for your records, particularly on international payments."
Can I automate a regular payment?,"You can set up a Standing Order so a fixed amount goes out automatically on a schedule. Setup is $25, and monthly external transfers are $40 plus Stamp Duty."
How do I set up an automatic monthly transfer?,"You can set up a Standing Order so a fixed amount goes out automatically on a schedule. Setup is $25, and monthly external transfers are $40 plus Stamp Duty."
Can you send money on a schedule for me?,"You can set up a Standing Order so a fixed amount goes out automatically on a schedule. Setup is $25, and monthly external transfers are $40 plus Stamp Duty."
Is there a recurring transfer option?,"You can set up a Standing Order so a fixed amount goes out automatically on a schedule. Setup is $25, and monthly external transfers are $40 plus Stamp Duty."
How do forward contracts work?,"A forward exchange contract lets you fix a rate now for a transaction later, which helps if you're exposed to currency movement. It costs $100 per contract plus a 0.5% loading on the rate."
Can I fix a rate for a future payment?,"A forward exchange contract lets you fix a rate now for a transaction later, which helps if you're exposed to currency movement. It costs $100 per contract plus a 0.5% loading on the rate."
Is there protection against rate changes?,"A forward exchange contract lets you fix a rate now for a transaction later, which helps if you're exposed to currency movement. It costs $100 per contract plus a 0.5% loading on the rate."
What does hedging cost?,"A forward exchange contract lets you fix a rate now for a transaction later, which helps if you're exposed to currency movement. It costs $100 per contract plus a 0.5% loading on the rate."
Could you tell me about foreign exchange?,"Certainly. We handle USD, GBP, EUR, CAD and BBD, with buy and sell rates published on our banking page and updated regularly."
I'd like information on currency services,"Certainly. We handle USD, GBP, EUR, CAD and BBD, with buy and sell rates published on our banking page and updated regularly."
Would you explain your FX offering?,"Certainly. We handle USD, GBP, EUR, CAD and BBD, with buy and sell rates published on our banking page and updated regularly."
May I ask about exchanging currency?,"Certainly. We handle USD, GBP, EUR, CAD and BBD, with buy and sell rates published on our banking page and updated regularly."
Can I exchange a large amount?,For a large currency exchange it's worth calling ahead on 1-268-481-4200 so we can make sure the amount is available and discuss the rate with you.
Do I need to order foreign currency in advance?,For a large currency exchange it's worth calling ahead on 1-268-481-4200 so we can make sure the amount is available and discuss the rate with you.
Should I call before exchanging a lot of cash?,For a large currency exchange it's worth calling ahead on 1-268-481-4200 so we can make sure the amount is available and discuss the rate with you.
Is there a limit on currency exchange?,For a large currency exchange it's worth calling ahead on 1-268-481-4200 so we can make sure the amount is available and discuss the rate with you.
Where do I find today's rates?,Our current buy and sell rates are published on the banking page of our website and updated regularly. That's always the most reliable source since rates move.
How often do rates update?,Our current buy and sell rates are published on the banking page of our website and updated regularly. That's always the most reliable source since rates move.
Is your rate table current?,Our current buy and sell rates are published on the banking page of our website and updated regularly. That's always the most reliable source since rates move.
Where are exchange rates published?,Our current buy and sell rates are published on the banking page of our website and updated regularly. That's always the most reliable source since rates move.
usd rate,"Rates change through the day, so our banking page carries the live table. Most recently the US Dollar was buying at 2.67000 and selling at 2.71690."
rates,"Rates change through the day, so our banking page carries the live table. Most recently the US Dollar was buying at 2.67000 and selling at 2.71690."
exchange rate,"Rates change through the day, so our banking page carries the live table. Most recently the US Dollar was buying at 2.67000 and selling at 2.71690."
what's the rate today,"Rates change through the day, so our banking page carries the live table. Most recently the US Dollar was buying at 2.67000 and selling at 2.71690."
Is the rate different for cheques?,Rates for cheques can differ slightly from cash rates — our published table shows the applicable rates for each. Check the banking page for the current figures.
Why is my cheque rate different from cash?,Rates for cheques can differ slightly from cash rates — our published table shows the applicable rates for each. Check the banking page for the current figures.
Do you have separate rates for instruments?,Rates for cheques can differ slightly from cash rates — our published table shows the applicable rates for each. Check the banking page for the current figures.
Which rate applies to a foreign cheque?,Rates for cheques can differ slightly from cash rates — our published table shows the applicable rates for each. Check the banking page for the current figures.
What's the difference between buy and sell rates?,The buy rate is what we pay when you sell us foreign currency; the sell rate is what you pay when you buy it from us. The gap between them is the spread.
Why are there two exchange rates?,The buy rate is what we pay when you sell us foreign currency; the sell rate is what you pay when you buy it from us. The gap between them is the spread.
What does buy rate mean?,The buy rate is what we pay when you sell us foreign currency; the sell rate is what you pay when you buy it from us. The gap between them is the spread.
Explain the spread on exchange rates,The buy rate is what we pay when you sell us foreign currency; the sell rate is what you pay when you buy it from us. The gap between them is the spread.
Do you handle Barbados dollars?,"We buy and sell Barbadian Dollars alongside USD, GBP, EUR and CAD. Current rates are on our banking page."
Can I exchange BBD?,"We buy and sell Barbadian Dollars alongside USD, GBP, EUR and CAD. Current rates are on our banking page."
What's the Barbadian dollar rate?,"We buy and sell Barbadian Dollars alongside USD, GBP, EUR and CAD. Current rates are on our banking page."
Do you take Caribbean currencies?,"We buy and sell Barbadian Dollars alongside USD, GBP, EUR and CAD. Current rates are on our banking page."
investments,"Fixed Deposits, the Thrift Fund and ACB Invest. Call 1-268-481-4300 to talk options with an advisor."
invest,"Fixed Deposits, the Thrift Fund and ACB Invest. Call 1-268-481-4300 to talk options with an advisor."
fixed deposit,"Fixed Deposits, the Thrift Fund and ACB Invest. Call 1-268-481-4300 to talk options with an advisor."
i want to invest,"Fixed Deposits, the Thrift Fund and ACB Invest. Call 1-268-481-4300 to talk options with an advisor."
growing my money,"Fixed Deposits, the Thrift Fund and ACB Invest. Call 1-268-481-4300 to talk options with an advisor."
Where should I invest?,"For a guaranteed return over a set term, a Fixed Deposit. For steady long-term accumulation, the Thrift Fund. For broader options, ACB Invest. An advisor on 1-268-481-4300 can help you decide."
What's the best investment with you?,"For a guaranteed return over a set term, a Fixed Deposit. For steady long-term accumulation, the Thrift Fund. For broader options, ACB Invest. An advisor on 1-268-481-4300 can help you decide."
Help me choose an investment,"For a guaranteed return over a set term, a Fixed Deposit. For steady long-term accumulation, the Thrift Fund. For broader options, ACB Invest. An advisor on 1-268-481-4300 can help you decide."
Which product grows my money best?,"For a guaranteed return over a set term, a Fixed Deposit. For steady long-term accumulation, the Thrift Fund. For broader options, ACB Invest. An advisor on 1-268-481-4300 can help you decide."
Should I pick a longer or shorter term?,"Longer terms generally attract better rates, but they also lock your money up for longer. Our terms run from 18 to 36 months through Mortgage & Trust, with 12 and 24 month options available."
Is it better to lock in for 3 years?,"Longer terms generally attract better rates, but they also lock your money up for longer. Our terms run from 18 to 36 months through Mortgage & Trust, with 12 and 24 month options available."
What terms can I choose from?,"Longer terms generally attract better rates, but they also lock your money up for longer. Our terms run from 18 to 36 months through Mortgage & Trust, with 12 and 24 month options available."
Which fixed deposit term is best?,"Longer terms generally attract better rates, but they also lock your money up for longer. Our terms run from 18 to 36 months through Mortgage & Trust, with 12 and 24 month options available."
What rate will I get on a fixed deposit?,Rates on Fixed Deposits sit within a published range and depend on the amount and the term you choose. Call 1-268-481-4300 for the current rate on the term you have in mind.
Does a longer term pay more?,Rates on Fixed Deposits sit within a published range and depend on the amount and the term you choose. Call 1-268-481-4300 for the current rate on the term you have in mind.
How much interest on a fixed deposit?,Rates on Fixed Deposits sit within a published range and depend on the amount and the term you choose. Call 1-268-481-4300 for the current rate on the term you have in mind.
What's the current fixed deposit rate?,Rates on Fixed Deposits sit within a published range and depend on the amount and the term you choose. Call 1-268-481-4300 for the current rate on the term you have in mind.
Should I save or invest?,That depends on whether you'll need access to the money. A savings account keeps it available at 2%; a fixed deposit locks it away for a guaranteed return over 18 to 36 months.
Is a fixed deposit better than savings?,That depends on whether you'll need access to the money. A savings account keeps it available at 2%; a fixed deposit locks it away for a guaranteed return over 18 to 36 months.
Where should I put my money?,That depends on whether you'll need access to the money. A savings account keeps it available at 2%; a fixed deposit locks it away for a guaranteed return over 18 to 36 months.
What do I do with a lump sum?,That depends on whether you'll need access to the money. A savings account keeps it available at 2%; a fixed deposit locks it away for a guaranteed return over 18 to 36 months.
Thrift fund or fixed deposit — which is better?,"The Thrift Fund is aimed at steady long-term accumulation, while a Fixed Deposit locks a set sum away for a defined term at a guaranteed return. Which fits depends on whether you're saving continuously or investing a lump sum."
What's the difference between thrift fund and fixed deposit?,"The Thrift Fund is aimed at steady long-term accumulation, while a Fixed Deposit locks a set sum away for a defined term at a guaranteed return. Which fits depends on whether you're saving continuously or investing a lump sum."
Should I save monthly or invest a lump sum?,"The Thrift Fund is aimed at steady long-term accumulation, while a Fixed Deposit locks a set sum away for a defined term at a guaranteed return. Which fits depends on whether you're saving continuously or investing a lump sum."
How do I contact the investment team?,"To discuss investment options properly, contact ACB Mortgage & Trust on 1-268-481-4300 or acb_mortgage_and_trust@acbcaribbean.com, or call our main line on 1-268-481-4200."
I want investment advice — who do I call?,"To discuss investment options properly, contact ACB Mortgage & Trust on 1-268-481-4300 or acb_mortgage_and_trust@acbcaribbean.com, or call our main line on 1-268-481-4200."
Where do I go for wealth management?,"To discuss investment options properly, contact ACB Mortgage & Trust on 1-268-481-4300 or acb_mortgage_and_trust@acbcaribbean.com, or call our main line on 1-268-481-4200."
Are there checks on investment accounts?,Yes — Anti-Money Laundering criteria apply to investment products just as they do to accounts. Expect to provide identification and source of funds documentation.
Do AML rules apply to fixed deposits?,Yes — Anti-Money Laundering criteria apply to investment products just as they do to accounts. Expect to provide identification and source of funds documentation.
What documentation for an investment account?,Yes — Anti-Money Laundering criteria apply to investment products just as they do to accounts. Expect to provide identification and source of funds documentation.
Can I open a fixed deposit with my spouse?,Yes — Fixed Deposits can be held jointly. Each holder will need to supply the usual identification and meet Anti-Money Laundering requirements.
Are joint fixed deposits allowed?,Yes — Fixed Deposits can be held jointly. Each holder will need to supply the usual identification and meet Anti-Money Laundering requirements.
Can two people hold a deposit together?,Yes — Fixed Deposits can be held jointly. Each holder will need to supply the usual identification and meet Anti-Money Laundering requirements.
Can I borrow against my fixed deposit?,"Yes — a Fixed Deposit can generally be used as security for borrowing, which lets you keep the investment intact. Ask about it when you apply."
Is my deposit usable as security?,"Yes — a Fixed Deposit can generally be used as security for borrowing, which lets you keep the investment intact. Ask about it when you apply."
Can I keep my investment and still borrow?,"Yes — a Fixed Deposit can generally be used as security for borrowing, which lets you keep the investment intact. Ask about it when you apply."
Loan secured by a fixed deposit?,"Yes — a Fixed Deposit can generally be used as security for borrowing, which lets you keep the investment intact. Ask about it when you apply."
Can I have a fixed deposit and a savings account?,Yes — you can hold a Fixed Deposit alongside your regular accounts. Many customers keep savings accessible and lock a separate sum away for a better return.
Do I need to choose between saving and investing?,Yes — you can hold a Fixed Deposit alongside your regular accounts. Many customers keep savings accessible and lock a separate sum away for a better return.
Can I hold multiple products?,Yes — you can hold a Fixed Deposit alongside your regular accounts. Many customers keep savings accessible and lock a separate sum away for a better return.
Is it possible to have both?,Yes — you can hold a Fixed Deposit alongside your regular accounts. Many customers keep savings accessible and lock a separate sum away for a better return.
What happens when my fixed deposit matures?,"You can arrange for a Fixed Deposit to roll over at maturity or to be paid out. Let us know your preference when you set it up, or before it matures."
Does my deposit roll over automatically?,"You can arrange for a Fixed Deposit to roll over at maturity or to be paid out. Let us know your preference when you set it up, or before it matures."
Can I reinvest at maturity?,"You can arrange for a Fixed Deposit to roll over at maturity or to be paid out. Let us know your preference when you set it up, or before it matures."
How do I get my money back at maturity?,"You can arrange for a Fixed Deposit to roll over at maturity or to be paid out. Let us know your preference when you set it up, or before it matures."
What can a business loan be used for?,"A business loan can fund an expansion or renovation, new or modernised equipment, refinancing of existing debt, or the acquisition of another business. Repayment is structured around the useful life of what you're financing."
Can I finance new equipment?,"A business loan can fund an expansion or renovation, new or modernised equipment, refinancing of existing debt, or the acquisition of another business. Repayment is structured around the useful life of what you're financing."
Can I borrow to buy premises?,"A business loan can fund an expansion or renovation, new or modernised equipment, refinancing of existing debt, or the acquisition of another business. Repayment is structured around the useful life of what you're financing."
Is there funding for business expansion?,"A business loan can fund an expansion or renovation, new or modernised equipment, refinancing of existing debt, or the acquisition of another business. Repayment is structured around the useful life of what you're financing."
business,"Business Chequing, Corporate Credit Cards, Merchant Services, Business Loans and Payroll — all in one place. What does your business need?"
business account,"Business Chequing, Corporate Credit Cards, Merchant Services, Business Loans and Payroll — all in one place. What does your business need?"
company banking,"Business Chequing, Corporate Credit Cards, Merchant Services, Business Loans and Payroll — all in one place. What does your business need?"
i have a business,"Business Chequing, Corporate Credit Cards, Merchant Services, Business Loans and Payroll — all in one place. What does your business need?"
corporate services,"Business Chequing, Corporate Credit Cards, Merchant Services, Business Loans and Payroll — all in one place. What does your business need?"
How are business loans structured?,Business loans are repaid from your cash flow over the useful life of the asset being financed — so the repayment period is matched to what the money is buying.
What term can I get on a business loan?,Business loans are repaid from your cash flow over the useful life of the asset being financed — so the repayment period is matched to what the money is buying.
How long do I have to repay a business loan?,Business loans are repaid from your cash flow over the useful life of the asset being financed — so the repayment period is matched to what the money is buying.
Is the term based on the asset?,Business loans are repaid from your cash flow over the useful life of the asset being financed — so the repayment period is matched to what the money is buying.
Why should my business have its own card?,"Corporate credit cards help separate business and personal spending, which makes bookkeeping considerably simpler at year end. The Visa Business Gold is $150 a year, Platinum Business $200."
Should I use a personal card for business?,"Corporate credit cards help separate business and personal spending, which makes bookkeeping considerably simpler at year end. The Visa Business Gold is $150 a year, Platinum Business $200."
What are the benefits of a corporate card?,"Corporate credit cards help separate business and personal spending, which makes bookkeeping considerably simpler at year end. The Visa Business Gold is $150 a year, Platinum Business $200."
How much is a business credit card?,"Corporate credit cards help separate business and personal spending, which makes bookkeeping considerably simpler at year end. The Visa Business Gold is $150 a year, Platinum Business $200."
What corporate documents do you need?,"Corporate documents we typically need include your Certificate of Incorporation, Articles of Incorporation and Bylaws, Notice of Directors and Registered Offices, Certificate of Good Standing, most recent Annual Returns, a Company Resolution, and your Company Seal."
Do you need my certificate of incorporation?,"Corporate documents we typically need include your Certificate of Incorporation, Articles of Incorporation and Bylaws, Notice of Directors and Registered Offices, Certificate of Good Standing, most recent Annual Returns, a Company Resolution, and your Company Seal."
Is a company resolution required?,"Corporate documents we typically need include your Certificate of Incorporation, Articles of Incorporation and Bylaws, Notice of Directors and Registered Offices, Certificate of Good Standing, most recent Annual Returns, a Company Resolution, and your Company Seal."
Do I need the company seal?,"Corporate documents we typically need include your Certificate of Incorporation, Articles of Incorporation and Bylaws, Notice of Directors and Registered Offices, Certificate of Good Standing, most recent Annual Returns, a Company Resolution, and your Company Seal."
What is ECACH?,ECACH is the Eastern Caribbean Automated Clearing House — the regional network our payroll service runs through. We've been processing payroll on it since May 2018.
What network does payroll use?,ECACH is the Eastern Caribbean Automated Clearing House — the regional network our payroll service runs through. We've been processing payroll on it since May 2018.
How does the clearing house work?,ECACH is the Eastern Caribbean Automated Clearing House — the regional network our payroll service runs through. We've been processing payroll on it since May 2018.
What does ECACH stand for?,ECACH is the Eastern Caribbean Automated Clearing House — the regional network our payroll service runs through. We've been processing payroll on it since May 2018.
Which payroll option is cheaper?,"Electronic payroll is $15 plus $1 per employee per run; manual is $30 plus $2 per employee. For a business paying staff regularly, electronic works out considerably cheaper."
Should I use manual or electronic payroll?,"Electronic payroll is $15 plus $1 per employee per run; manual is $30 plus $2 per employee. For a business paying staff regularly, electronic works out considerably cheaper."
How much do I save going electronic?,"Electronic payroll is $15 plus $1 per employee per run; manual is $30 plus $2 per employee. For a business paying staff regularly, electronic works out considerably cheaper."
Compare your payroll options,"Electronic payroll is $15 plus $1 per employee per run; manual is $30 plus $2 per employee. For a business paying staff regularly, electronic works out considerably cheaper."
Whose ID do you need for a company account?,"Identification is needed for all beneficial owners and principal directors — a passport is mandatory, plus one additional form of identification for each."
Do all directors need to provide identification?,"Identification is needed for all beneficial owners and principal directors — a passport is mandatory, plus one additional form of identification for each."
What about beneficial owners?,"Identification is needed for all beneficial owners and principal directors — a passport is mandatory, plus one additional form of identification for each."
Does every signatory need a passport?,"Identification is needed for all beneficial owners and principal directors — a passport is mandatory, plus one additional form of identification for each."
How do I see my merchant transactions?,Merchant settlement reports show your transactions and what's been credited. Your Business Banking representative can arrange access and explain the format.
Where are my settlement reports?,Merchant settlement reports show your transactions and what's been credited. Your Business Banking representative can arrange access and explain the format.
Can I track card sales?,Merchant settlement reports show your transactions and what's been credited. Your Business Banking representative can arrange access and explain the format.
How do I reconcile POS payments?,Merchant settlement reports show your transactions and what's been credited. Your Business Banking representative can arrange access and explain the format.
Can a new business open an account?,"New businesses are welcome. Bring your registration certificate, tax ID, identification for all signatories and proof of business address, and we'll take it from there."
I just registered my company,"New businesses are welcome. Bring your registration certificate, tax ID, identification for all signatories and proof of business address, and we'll take it from there."
How soon after registering can I open an account?,"New businesses are welcome. Bring your registration certificate, tax ID, identification for all signatories and proof of business address, and we'll take it from there."
Do you bank startups?,"New businesses are welcome. Bring your registration certificate, tax ID, identification for all signatories and proof of business address, and we'll take it from there."
Which POS terminal should I choose?,"Terminal choice depends on your setup. Dial and Internet terminals rent for $30 a month; GPRS terminals are $60 a month plus around $48 to $50 for the SIM, and suit businesses that need to take payments on the move."
What's the difference between Dial and GPRS terminals?,"Terminal choice depends on your setup. Dial and Internet terminals rent for $30 a month; GPRS terminals are $60 a month plus around $48 to $50 for the SIM, and suit businesses that need to take payments on the move."
Do you have a mobile card machine?,"Terminal choice depends on your setup. Dial and Internet terminals rent for $30 a month; GPRS terminals are $60 a month plus around $48 to $50 for the SIM, and suit businesses that need to take payments on the move."
Which terminal is best for a food truck?,"Terminal choice depends on your setup. Dial and Internet terminals rent for $30 a month; GPRS terminals are $60 a month plus around $48 to $50 for the SIM, and suit businesses that need to take payments on the move."
What if my card machine breaks?,"Terminals are provided free of cost, but a fee applies if a terminal is damaged. Treat it as bank equipment on loan to your business."
Am I charged if the terminal is damaged?,"Terminals are provided free of cost, but a fee applies if a terminal is damaged. Treat it as bank equipment on loan to your business."
Who owns the POS terminal?,"Terminals are provided free of cost, but a fee applies if a terminal is damaged. Treat it as bank equipment on loan to your business."
What happens if I damage the card reader?,"Terminals are provided free of cost, but a fee applies if a terminal is damaged. Treat it as bank equipment on loan to your business."
What's the transaction rate for merchants?,The discount fee on card transactions is negotiable and depends on your volume and business type. A Business Banking representative will discuss the rate with you.
How much do you take per card sale?,The discount fee on card transactions is negotiable and depends on your volume and business type. A Business Banking representative will discuss the rate with you.
Is the merchant discount fee fixed?,The discount fee on card transactions is negotiable and depends on your volume and business type. A Business Banking representative will discuss the rate with you.
Can I negotiate my merchant rate?,The discount fee on card transactions is negotiable and depends on your volume and business type. A Business Banking representative will discuss the rate with you.
What ongoing costs are there for merchants?,"There's an annual administration fee of $150 per merchant, plus a commission on all settled transactions and the negotiated discount fee per transaction."
What's the annual merchant fee?,"There's an annual administration fee of $150 per merchant, plus a commission on all settled transactions and the negotiated discount fee per transaction."
Are there yearly charges on a POS terminal?,"There's an annual administration fee of $150 per merchant, plus a commission on all settled transactions and the negotiated discount fee per transaction."
What does merchant admin cost?,"There's an annual administration fee of $150 per merchant, plus a commission on all settled transactions and the negotiated discount fee per transaction."
Can my business hold US dollars?,"Yes — Business Chequing Accounts are available in both EC$ and US$, which helps if you invoice or pay suppliers in US currency."
Do you offer USD business accounts?,"Yes — Business Chequing Accounts are available in both EC$ and US$, which helps if you invoice or pay suppliers in US currency."
Can I invoice in US dollars?,"Yes — Business Chequing Accounts are available in both EC$ and US$, which helps if you invoice or pay suppliers in US currency."
What currencies for business accounts?,"Yes — Business Chequing Accounts are available in both EC$ and US$, which helps if you invoice or pay suppliers in US currency."
Do you work with small businesses?,"Yes — we work with businesses of every size, from sole traders through to established companies. Book an appointment with our Business Banking team to talk through what fits."
Am I too small to bank with you?,"Yes — we work with businesses of every size, from sole traders through to established companies. Book an appointment with our Business Banking team to talk through what fits."
Can a sole trader open an account?,"Yes — we work with businesses of every size, from sole traders through to established companies. Book an appointment with our Business Banking team to talk through what fits."
Do you only serve large companies?,"Yes — we work with businesses of every size, from sole traders through to established companies. Book an appointment with our Business Banking team to talk through what fits."
Will you accept American Express?,Yes — we're in the process of enabling AMEX card acceptance alongside Visa and Mastercard. Ask your Business Banking representative for the current position.
Can my customers pay with AMEX?,Yes — we're in the process of enabling AMEX card acceptance alongside Visa and Mastercard. Ask your Business Banking representative for the current position.
Is AMEX supported yet?,Yes — we're in the process of enabling AMEX card acceptance alongside Visa and Mastercard. Ask your Business Banking representative for the current position.
Which card brands can I accept?,Yes — we're in the process of enabling AMEX card acceptance alongside Visa and Mastercard. Ask your Business Banking representative for the current position.
Where is Mortgage and Trust located?,ACB Mortgage & Trust is located on High Street and can be reached on 1-268-481-4300. There's also an ATM at that location.
Is there an ATM at Mortgage and Trust?,ACB Mortgage & Trust is located on High Street and can be reached on 1-268-481-4300. There's also an ATM at that location.
How do I find the High Street office?,ACB Mortgage & Trust is located on High Street and can be reached on 1-268-481-4300. There's also an ATM at that location.
How do I avoid queuing?,"Booking an appointment through our website or on 1-268-481-4200 is the best way to avoid waiting, particularly for anything involving paperwork like a loan or account opening."
When is the branch least busy?,"Booking an appointment through our website or on 1-268-481-4200 is the best way to avoid waiting, particularly for anything involving paperwork like a loan or account opening."
Can I skip the line with an appointment?,"Booking an appointment through our website or on 1-268-481-4200 is the best way to avoid waiting, particularly for anything involving paperwork like a loan or account opening."
How long is the wait at the branch?,"Booking an appointment through our website or on 1-268-481-4200 is the best way to avoid waiting, particularly for anything involving paperwork like a loan or account opening."
What should I bring to the branch?,"Bring your identification to any branch visit. If you're opening an account or applying for a loan, also bring proof of address and proof of income so we can complete things in one visit."
Do I need ID to visit the bank?,"Bring your identification to any branch visit. If you're opening an account or applying for a loan, also bring proof of address and proof of income so we can complete things in one visit."
What do I need for a branch appointment?,"Bring your identification to any branch visit. If you're opening an account or applying for a loan, also bring proof of address and proof of income so we can complete things in one visit."
How do I prepare for my visit?,"Bring your identification to any branch visit. If you're opening an account or applying for a loan, also bring proof of address and proof of income so we can complete things in one visit."
Do Grenada and Antigua have different hours?,"Grenada closes at 3:30pm, half an hour earlier than our Antigua branches, which close at 4:00pm. Worth noting if you're cutting it fine."
Which branch closes earlier?,"Grenada closes at 3:30pm, half an hour earlier than our Antigua branches, which close at 4:00pm. Worth noting if you're cutting it fine."
Are opening times the same across territories?,"Grenada closes at 3:30pm, half an hour earlier than our Antigua branches, which close at 4:00pm. Worth noting if you're cutting it fine."
locations,"High Street in St. John's and Woods Centre on Friars Hill Road, plus nine ATMs across Antigua and Barbuda. In Grenada we're at Grand Anse, St. George's."
branches,"High Street in St. John's and Woods Centre on Friars Hill Road, plus nine ATMs across Antigua and Barbuda. In Grenada we're at Grand Anse, St. George's."
where are you,"High Street in St. John's and Woods Centre on Friars Hill Road, plus nine ATMs across Antigua and Barbuda. In Grenada we're at Grand Anse, St. George's."
find a branch,"High Street in St. John's and Woods Centre on Friars Hill Road, plus nine ATMs across Antigua and Barbuda. In Grenada we're at Grand Anse, St. George's."
your addresses,"High Street in St. John's and Woods Centre on Friars Hill Road, plus nine ATMs across Antigua and Barbuda. In Grenada we're at Grand Anse, St. George's."
My deposit hasn't appeared,"If a deposit hasn't shown up, call 1-268-481-4200 with the date, amount and where you made it, and we'll trace it for you."
Money I paid in is missing,"If a deposit hasn't shown up, call 1-268-481-4200 with the date, amount and where you made it, and we'll trace it for you."
Where's my deposit?,"If a deposit hasn't shown up, call 1-268-481-4200 with the date, amount and where you made it, and we'll trace it for you."
I deposited yesterday and don't see it,"If a deposit hasn't shown up, call 1-268-481-4200 with the date, amount and where you made it, and we'll trace it for you."
The ATM didn't give me my money,"If the machine didn't dispense but your account was debited, call 1-268-481-4200 with the date, time, amount and ATM location so we can trace it."
I was debited but got no cash,"If the machine didn't dispense but your account was debited, call 1-268-481-4200 with the date, time, amount and ATM location so we can trace it."
The machine took my money,"If the machine didn't dispense but your account was debited, call 1-268-481-4200 with the date, time, amount and ATM location so we can trace it."
ATM error — what do I do?,"If the machine didn't dispense but your account was debited, call 1-268-481-4200 with the date, time, amount and ATM location so we can trace it."
No cash came out but I was charged,"If the machine didn't dispense but your account was debited, call 1-268-481-4200 with the date, time, amount and ATM location so we can trace it."
hours,"Monday to Friday, 8:00am to 4:00pm at our branches. Online banking and the app are open all the time."
when are you open,"Monday to Friday, 8:00am to 4:00pm at our branches. Online banking and the app are open all the time."
opening times,"Monday to Friday, 8:00am to 4:00pm at our branches. Online banking and the app are open all the time."
what time do u open,"Monday to Friday, 8:00am to 4:00pm at our branches. Online banking and the app are open all the time."
what time you close,"Monday to Friday, 8:00am to 4:00pm. ATMs and digital banking are available 24/7."
openning hours,"Monday to Friday, 8:00am to 4:00pm. ATMs and digital banking are available 24/7."
are u open today,"Monday to Friday, 8:00am to 4:00pm. ATMs and digital banking are available 24/7."
bank hours,"Monday to Friday, 8:00am to 4:00pm. ATMs and digital banking are available 24/7."
when do you close,"Monday to Friday, 8:00am to 4:00pm. ATMs and digital banking are available 24/7."
atm,"Nine locations across Antigua and Barbuda — including the airport, Village Walk, Epicurean, Perry Bay, Town House and Codrington."
nearest atm,"Nine locations across Antigua and Barbuda — including the airport, Village Walk, Epicurean, Perry Bay, Town House and Codrington."
cash machine,"Nine locations across Antigua and Barbuda — including the airport, Village Walk, Epicurean, Perry Bay, Town House and Codrington."
where can i get cash,"Nine locations across Antigua and Barbuda — including the airport, Village Walk, Epicurean, Perry Bay, Town House and Codrington."
Is there an ATM at the main branch?,"Our Market & High Streets branch has an ATM, as does Head Office and ACB Mortgage & Trust on High Street."
Which branches have ATMs?,"Our Market & High Streets branch has an ATM, as does Head Office and ACB Mortgage & Trust on High Street."
Can I use an ATM at High Street?,"Our Market & High Streets branch has an ATM, as does Head Office and ACB Mortgage & Trust on High Street."
Do all branches have cash machines?,"Our Market & High Streets branch has an ATM, as does Head Office and ACB Mortgage & Trust on High Street."
Is there an ATM at Village Walk?,"Our Village Walk location has an ATM available for withdrawals, deposits, transfers, balance enquiries and utility bill payments."
What's available at Village Walk?,"Our Village Walk location has an ATM available for withdrawals, deposits, transfers, balance enquiries and utility bill payments."
Can I use Village Walk for banking?,"Our Village Walk location has an ATM available for withdrawals, deposits, transfers, balance enquiries and utility bill payments."
were is your branch,"Our main branch is on High Street in St. John's, Antigua, with another at Woods Centre on Friars Hill Road."
branch locaton,"Our main branch is on High Street in St. John's, Antigua, with another at Woods Centre on Friars Hill Road."
where you located,"Our main branch is on High Street in St. John's, Antigua, with another at Woods Centre on Friars Hill Road."
adress of the bank,"Our main branch is on High Street in St. John's, Antigua, with another at Woods Centre on Friars Hill Road."
nearest branch to me,"Our main branch is on High Street in St. John's, Antigua, with another at Woods Centre on Friars Hill Road."
Where exactly is the Grenada branch?,"The Grenada branch is at Grand Anse, St. George's, open Monday to Friday 8:00am to 3:30pm. Call 1-473-444-4919 or visit gd.acbonline.com."
What time does Grenada close?,"The Grenada branch is at Grand Anse, St. George's, open Monday to Friday 8:00am to 3:30pm. Call 1-473-444-4919 or visit gd.acbonline.com."
Grenada opening hours?,"The Grenada branch is at Grand Anse, St. George's, open Monday to Friday 8:00am to 3:30pm. Call 1-473-444-4919 or visit gd.acbonline.com."
Is Grenada open the same hours as Antigua?,"The Grenada branch is at Grand Anse, St. George's, open Monday to Friday 8:00am to 3:30pm. Call 1-473-444-4919 or visit gd.acbonline.com."
Can I put money in at the ATM?,"Yes — our ATMs accept deposits as well as withdrawals, and also handle transfers, balance enquiries and utility bill payments."
Do your machines take cash deposits?,"Yes — our ATMs accept deposits as well as withdrawals, and also handle transfers, balance enquiries and utility bill payments."
Is depositing at an ATM possible?,"Yes — our ATMs accept deposits as well as withdrawals, and also handle transfers, balance enquiries and utility bill payments."
Can I lodge money outside opening hours?,"Yes — our ATMs accept deposits as well as withdrawals, and also handle transfers, balance enquiries and utility bill payments."
Where can I make a deposit?,"You can deposit at any branch counter or at our ATMs, which accept deposits alongside withdrawals, transfers, balance enquiries and bill payments."
How do I deposit money?,"You can deposit at any branch counter or at our ATMs, which accept deposits alongside withdrawals, transfers, balance enquiries and bill payments."
Can I deposit at an ATM?,"You can deposit at any branch counter or at our ATMs, which accept deposits alongside withdrawals, transfers, balance enquiries and bill payments."
Can I pay money in outside branch hours?,"You can deposit at any branch counter or at our ATMs, which accept deposits alongside withdrawals, transfers, balance enquiries and bill payments."
Is there an ATM at Epicurean?,"You'll find an ATM at Epicurean Supermarket, Perry Bay Supermarket and Town House Mega Plaza, which is handy for cash while you're already out shopping."
Can I withdraw at the supermarket?,"You'll find an ATM at Epicurean Supermarket, Perry Bay Supermarket and Town House Mega Plaza, which is handy for cash while you're already out shopping."
Which supermarkets have your ATMs?,"You'll find an ATM at Epicurean Supermarket, Perry Bay Supermarket and Town House Mega Plaza, which is handy for cash while you're already out shopping."
ATM at Perry Bay?,"You'll find an ATM at Epicurean Supermarket, Perry Bay Supermarket and Town House Mega Plaza, which is handy for cash while you're already out shopping."
What is a certificate of balance used for?,"A Certificate of Balance is an official confirmation of your balance on a given date, addressed to a named party. It's commonly needed for visa applications and embassy submissions. The fee is $50."
I need proof of funds for a visa application,"A Certificate of Balance is an official confirmation of your balance on a given date, addressed to a named party. It's commonly needed for visa applications and embassy submissions. The fee is $50."
Can you write a letter to the embassy?,"A Certificate of Balance is an official confirmation of your balance on a given date, addressed to a named party. It's commonly needed for visa applications and embassy submissions. The fee is $50."
Do you provide balance confirmations?,"A Certificate of Balance is an official confirmation of your balance on a given date, addressed to a named party. It's commonly needed for visa applications and embassy submissions. The fee is $50."
I need an interest statement for taxes,A Statement of Interest Paid for income tax purposes costs $50. Request it at any branch or by calling 1-268-481-4200.
How do I get a tax statement?,A Statement of Interest Paid for income tax purposes costs $50. Request it at any branch or by calling 1-268-481-4200.
What does a statement of interest cost?,A Statement of Interest Paid for income tax purposes costs $50. Request it at any branch or by calling 1-268-481-4200.
Do you provide documents for tax filing?,A Statement of Interest Paid for income tax purposes costs $50. Request it at any branch or by calling 1-268-481-4200.
Do you provide audit confirmations?,An audit confirmation is a formal statement of your position sent to your auditors. Charges start at $50 for the current year and rise for older records.
My accountant needs a bank confirmation,An audit confirmation is a formal statement of your position sent to your auditors. Charges start at $50 for the current year and rise for older records.
How do I get an auditor's letter?,An audit confirmation is a formal statement of your position sent to your auditors. Charges start at $50 for the current year and rise for older records.
What does an audit letter cost?,An audit confirmation is a formal statement of your position sent to your auditors. Charges start at $50 for the current year and rise for older records.
What's the difference in cost between local and international drafts?,An international money order draft costs $30.20 plus correspondent bank charges. A local or manager's draft is $30 plus Stamp Duty.
How much for an international money order?,An international money order draft costs $30.20 plus correspondent bank charges. A local or manager's draft is $30 plus Stamp Duty.
Which draft is cheaper?,An international money order draft costs $30.20 plus correspondent bank charges. A local or manager's draft is $30 plus Stamp Duty.
Cost of a foreign draft?,An international money order draft costs $30.20 plus correspondent bank charges. A local or manager's draft is $30 plus Stamp Duty.
Is there a limit on cash deposits?,"Cash deposits or withdrawals of $5,000 or more in a single day at a branch attract a cash handling fee of 0.2%."
What if I deposit a large amount of cash?,"Cash deposits or withdrawals of $5,000 or more in a single day at a branch attract a cash handling fee of 0.2%."
Fee for depositing over five thousand?,"Cash deposits or withdrawals of $5,000 or more in a single day at a branch attract a cash handling fee of 0.2%."
Do big cash transactions cost extra?,"Cash deposits or withdrawals of $5,000 or more in a single day at a branch attract a cash handling fee of 0.2%."
Can I get change from the bank?,"Coins supplied by the bank carry a 1.25% fee, which covers handling."
Do you supply coins to businesses?,"Coins supplied by the bank carry a 1.25% fee, which covers handling."
What's the charge for coin?,"Coins supplied by the bank carry a 1.25% fee, which covers handling."
I need coins for my till,"Coins supplied by the bank carry a 1.25% fee, which covers handling."
What fees apply to Freedom 55?,"Fees on a Freedom 55 account: no monthly service charge while the balance stays at $10,000 or above, in-branch transactions beyond the first two are $5 each, and closing a dormant account is $25."
Does Freedom 55 have charges?,"Fees on a Freedom 55 account: no monthly service charge while the balance stays at $10,000 or above, in-branch transactions beyond the first two are $5 each, and closing a dormant account is $25."
Are seniors' accounts fee-free?,"Fees on a Freedom 55 account: no monthly service charge while the balance stays at $10,000 or above, in-branch transactions beyond the first two are $5 each, and closing a dormant account is $25."
Freedom 55 costs?,"Fees on a Freedom 55 account: no monthly service charge while the balance stays at $10,000 or above, in-branch transactions beyond the first two are $5 each, and closing a dormant account is $25."
What is this charge on my account?,"Fees on your account are listed in our published Schedule of Fees. If a specific charge on your statement isn't clear, call 1-268-481-4200 and we'll explain it."
I don't recognise a fee,"Fees on your account are listed in our published Schedule of Fees. If a specific charge on your statement isn't clear, call 1-268-481-4200 and we'll explain it."
Why was I charged this?,"Fees on your account are listed in our published Schedule of Fees. If a specific charge on your statement isn't clear, call 1-268-481-4200 and we'll explain it."
Can you explain a fee on my statement?,"Fees on your account are listed in our published Schedule of Fees. If a specific charge on your statement isn't clear, call 1-268-481-4200 and we'll explain it."
How many free transactions do I get?,"Free transactions differ by product — 2 free debit items a month on chequing, and 2 free in-branch transactions a month on savings. Beyond that it's $1.50 per item on chequing and $5 per transaction on savings."
What counts as a free transaction?,"Free transactions differ by product — 2 free debit items a month on chequing, and 2 free in-branch transactions a month on savings. Beyond that it's $1.50 per item on chequing and $5 per transaction on savings."
When do transaction charges kick in?,"Free transactions differ by product — 2 free debit items a month on chequing, and 2 free in-branch transactions a month on savings. Beyond that it's $1.50 per item on chequing and $5 per transaction on savings."
Compare transaction fees across accounts,"Free transactions differ by product — 2 free debit items a month on chequing, and 2 free in-branch transactions a month on savings. Beyond that it's $1.50 per item on chequing and $5 per transaction on savings."
Can I get records from several years ago?,"Historical records range from $50 for the current year up to $250 for records more than five years old. The further back you go, the higher the charge."
How much for old bank records?,"Historical records range from $50 for the current year up to $250 for records more than five years old. The further back you go, the higher the charge."
What does a historical confirmation cost?,"Historical records range from $50 for the current year up to $250 for records more than five years old. The further back you go, the higher the charge."
I need statements from 2019,"Historical records range from $50 for the current year up to $250 for records more than five years old. The further back you go, the higher the charge."
fees,"Our full Schedule of Fees is published on the website, covering accounts, deposits, documents, transfers, business services and cards."
charges,"Our full Schedule of Fees is published on the website, covering accounts, deposits, documents, transfers, business services and cards."
how much do you charge,"Our full Schedule of Fees is published on the website, covering accounts, deposits, documents, transfers, business services and cards."
what are the costs,"Our full Schedule of Fees is published on the website, covering accounts, deposits, documents, transfers, business services and cards."
price list,"Our full Schedule of Fees is published on the website, covering accounts, deposits, documents, transfers, business services and cards."
What can I keep in a safe deposit box?,"People typically store title deeds, certificates, contracts, jewellery and other valuables. What goes in is entirely your business — we simply provide the secure space."
Should I store documents at the bank?,"People typically store title deeds, certificates, contracts, jewellery and other valuables. What goes in is entirely your business — we simply provide the secure space."
Is a deposit box good for jewellery?,"People typically store title deeds, certificates, contracts, jewellery and other valuables. What goes in is entirely your business — we simply provide the secure space."
What do people put in deposit boxes?,"People typically store title deeds, certificates, contracts, jewellery and other valuables. What goes in is entirely your business — we simply provide the secure space."
When can I access my safe deposit box?,"Safety deposit boxes are held at our branches and accessible during banking hours. You get 2 free visits a month, with additional visits at $20 each."
How often can I visit my deposit box?,"Safety deposit boxes are held at our branches and accessible during banking hours. You get 2 free visits a month, with additional visits at $20 each."
Are boxes accessible outside opening hours?,"Safety deposit boxes are held at our branches and accessible during banking hours. You get 2 free visits a month, with additional visits at $20 each."
What does an extra box visit cost?,"Safety deposit boxes are held at our branches and accessible during banking hours. You get 2 free visits a month, with additional visits at $20 each."
Which size deposit box do I need?,"Sizes run Small at $200 a year, Medium $300, Large $350 and Extra Large $400. Which you need depends on what you're storing — most customers find Small or Medium sufficient for documents."
How big is a small safety deposit box?,"Sizes run Small at $200 a year, Medium $300, Large $350 and Extra Large $400. Which you need depends on what you're storing — most customers find Small or Medium sufficient for documents."
What are the box size options?,"Sizes run Small at $200 a year, Medium $300, Large $350 and Extra Large $400. Which you need depends on what you're storing — most customers find Small or Medium sufficient for documents."
Do you have large deposit boxes?,"Sizes run Small at $200 a year, Medium $300, Large $350 and Extra Large $400. Which you need depends on what you're storing — most customers find Small or Medium sufficient for documents."
Which accounts have a monthly fee?,"The $20 monthly service charge applies to Personal and Business Chequing Accounts. Savings accounts don't carry it, though a $10 fee applies if a savings balance falls below $100."
Does my savings account have a monthly charge?,"The $20 monthly service charge applies to Personal and Business Chequing Accounts. Savings accounts don't carry it, though a $10 fee applies if a savings balance falls below $100."
Why am I paying twenty dollars a month?,"The $20 monthly service charge applies to Personal and Business Chequing Accounts. Savings accounts don't carry it, though a $10 fee applies if a savings balance falls below $100."
What's the monthly service charge for?,"The $20 monthly service charge applies to Personal and Business Chequing Accounts. Savings accounts don't carry it, though a $10 fee applies if a savings balance falls below $100."
Do you cash traveller's cheques?,Traveller's cheques in US dollars are cashed at US$20.20 per item. Other foreign instruments carry a minimum charge of $20.20 plus 1%.
What's the fee on traveller's cheques?,Traveller's cheques in US dollars are cashed at US$20.20 per item. Other foreign instruments carry a minimum charge of $20.20 plus 1%.
Can I use traveller's cheques here?,Traveller's cheques in US dollars are cashed at US$20.20 per item. Other foreign instruments carry a minimum charge of $20.20 plus 1%.
Cost to cash a US traveller's cheque?,Traveller's cheques in US dollars are cashed at US$20.20 per item. Other foreign instruments carry a minimum charge of $20.20 plus 1%.
How do I spot a fake ACB website?,"A genuine ACB message will never ask you to confirm your PIN, password or full account details. If a link or message feels wrong, don't act on it — call 1-268-481-4200 and check with us directly."
I clicked a link I shouldn't have,"A genuine ACB message will never ask you to confirm your PIN, password or full account details. If a link or message feels wrong, don't act on it — call 1-268-481-4200 and check with us directly."
This site looks like yours but I'm not sure,"A genuine ACB message will never ask you to confirm your PIN, password or full account details. If a link or message feels wrong, don't act on it — call 1-268-481-4200 and check with us directly."
How do I verify a message is really from the bank?,"A genuine ACB message will never ask you to confirm your PIN, password or full account details. If a link or message feels wrong, don't act on it — call 1-268-481-4200 and check with us directly."
Someone called claiming to be from ACB,"Ask them to hang up and call us back on 1-268-481-4200 — the published number. A genuine caller won't object to that, and a fraudulent one will."
How do I know a caller is really the bank?,"Ask them to hang up and call us back on 1-268-481-4200 — the published number. A genuine caller won't object to that, and a fraudulent one will."
I got a call asking for my details,"Ask them to hang up and call us back on 1-268-481-4200 — the published number. A genuine caller won't object to that, and a fraudulent one will."
Is this phone call legitimate?,"Ask them to hang up and call us back on 1-268-481-4200 — the published number. A genuine caller won't object to that, and a fraudulent one will."
My card is being used right now,Call 1-268-481-4200 right now so we can block the card. Don't wait — the sooner we act the better we can protect the account.
Stop my card immediately,Call 1-268-481-4200 right now so we can block the card. Don't wait — the sooner we act the better we can protect the account.
Block my card now,Call 1-268-481-4200 right now so we can block the card. Don't wait — the sooner we act the better we can protect the account.
Freeze my account urgently,Call 1-268-481-4200 right now so we can block the card. Don't wait — the sooner we act the better we can protect the account.
I think I've been scammed,"Contact us immediately on 1-268-481-4200. The sooner we know, the more we can do — we'll secure the account and review recent activity with you."
I gave someone my details by mistake,"Contact us immediately on 1-268-481-4200. The sooner we know, the more we can do — we'll secure the account and review recent activity with you."
I fell for a phishing message,"Contact us immediately on 1-268-481-4200. The sooner we know, the more we can do — we'll secure the account and review recent activity with you."
Someone tricked me into sharing information,"Contact us immediately on 1-268-481-4200. The sooner we know, the more we can do — we'll secure the account and review recent activity with you."
How do I use an ATM safely?,"Cover the keypad when entering your PIN, check the card slot for anything that looks tampered with, and if a machine seems off, use a different one and let us know on 1-268-481-4200."
What is card skimming?,"Cover the keypad when entering your PIN, check the card slot for anything that looks tampered with, and if a machine seems off, use a different one and let us know on 1-268-481-4200."
How do I spot a tampered ATM?,"Cover the keypad when entering your PIN, check the card slot for anything that looks tampered with, and if a machine seems off, use a different one and let us know on 1-268-481-4200."
Is it safe to use an ATM at night?,"Cover the keypad when entering your PIN, check the card slot for anything that looks tampered with, and if a machine seems off, use a different one and let us know on 1-268-481-4200."
security,"Never share your PIN, password or one-time codes — we will never ask for them. If something feels wrong, call 1-268-481-4200."
is it safe,"Never share your PIN, password or one-time codes — we will never ask for them. If something feels wrong, call 1-268-481-4200."
fraud,"Never share your PIN, password or one-time codes — we will never ask for them. If something feels wrong, call 1-268-481-4200."
scam,"Never share your PIN, password or one-time codes — we will never ask for them. If something feels wrong, call 1-268-481-4200."
protect my account,"Never share your PIN, password or one-time codes — we will never ask for them. If something feels wrong, call 1-268-481-4200."
How do you use my personal data?,"Protecting your information is a priority, and we handle personal data in line with our obligations as a financial institution. If you have specific questions about how your information is used, call 1-268-481-4200."
Do you share my information?,"Protecting your information is a priority, and we handle personal data in line with our obligations as a financial institution. If you have specific questions about how your information is used, call 1-268-481-4200."
What's your privacy policy?,"Protecting your information is a priority, and we handle personal data in line with our obligations as a financial institution. If you have specific questions about how your information is used, call 1-268-481-4200."
Is my data kept private?,"Protecting your information is a priority, and we handle personal data in line with our obligations as a financial institution. If you have specific questions about how your information is used, call 1-268-481-4200."
How do I keep an eye on my account?,"Review your statements regularly — spotting something unusual early is the best protection you have. Anything you don't recognise, call 1-268-481-4200."
Should I check my statements?,"Review your statements regularly — spotting something unusual early is the best protection you have. Anything you don't recognise, call 1-268-481-4200."
How often should I review transactions?,"Review your statements regularly — spotting something unusual early is the best protection you have. Anything you don't recognise, call 1-268-481-4200."
Best way to catch fraud early?,"Review your statements regularly — spotting something unusual early is the best protection you have. Anything you don't recognise, call 1-268-481-4200."
What makes a strong password?,"Use a password that's long, unique to your banking, and not reused anywhere else. Change it if you ever suspect someone else has seen it."
How often should I change my password?,"Use a password that's long, unique to your banking, and not reused anywhere else. Change it if you ever suspect someone else has seen it."
Can I use the same password as my email?,"Use a password that's long, unique to your banking, and not reused anywhere else. Change it if you ever suspect someone else has seen it."
Password tips for online banking?,"Use a password that's long, unique to your banking, and not reused anywhere else. Change it if you ever suspect someone else has seen it."
Why do you ask me security questions?,"We may ask security questions to confirm it's really you before discussing account details. It can feel like a hurdle, but it's what stops someone else doing the same."
Why do I have to verify my identity?,"We may ask security questions to confirm it's really you before discussing account details. It can feel like a hurdle, but it's what stops someone else doing the same."
Why won't you tell me over the phone?,"We may ask security questions to confirm it's really you before discussing account details. It can feel like a hurdle, but it's what stops someone else doing the same."
What is identity verification for?,"We may ask security questions to confirm it's really you before discussing account details. It can feel like a hurdle, but it's what stops someone else doing the same."
number please,"1-268-481-4200 for Antigua, 1-473-444-4919 for Grenada, or customerservice@acbonline.com."
contact,"1-268-481-4200 for Antigua, 1-473-444-4919 for Grenada, or customerservice@acbonline.com."
phone,"1-268-481-4200 for Antigua, 1-473-444-4919 for Grenada, or customerservice@acbonline.com."
how to reach you,"1-268-481-4200 for Antigua, 1-473-444-4919 for Grenada, or customerservice@acbonline.com."
support,"Antigua 1-268-481-4200, Grenada 1-473-444-4919, or customerservice@acbonline.com. Monday to Friday, 8am to 4pm."
i need help,"Antigua 1-268-481-4200, Grenada 1-473-444-4919, or customerservice@acbonline.com. Monday to Friday, 8am to 4pm."
assistance please,"Antigua 1-268-481-4200, Grenada 1-473-444-4919, or customerservice@acbonline.com. Monday to Friday, 8am to 4pm."
who can help me,"Antigua 1-268-481-4200, Grenada 1-473-444-4919, or customerservice@acbonline.com. Monday to Friday, 8am to 4pm."
custmer service,"Call 1-268-481-4200 in Antigua or 1-473-444-4919 in Grenada, Monday to Friday 8am to 4pm, or email customerservice@acbonline.com."
i need to speek to someone,"Call 1-268-481-4200 in Antigua or 1-473-444-4919 in Grenada, Monday to Friday 8am to 4pm, or email customerservice@acbonline.com."
contact detials,"Call 1-268-481-4200 in Antigua or 1-473-444-4919 in Grenada, Monday to Friday 8am to 4pm, or email customerservice@acbonline.com."
how do i contat you,"Call 1-268-481-4200 in Antigua or 1-473-444-4919 in Grenada, Monday to Friday 8am to 4pm, or email customerservice@acbonline.com."
phone numer,"Call 1-268-481-4200 in Antigua or 1-473-444-4919 in Grenada, Monday to Friday 8am to 4pm, or email customerservice@acbonline.com."
Can I give feedback?,Feedback is genuinely useful — please send it to customerservice@acbonline.com or mention it at any branch.
How do I leave a compliment?,Feedback is genuinely useful — please send it to customerservice@acbonline.com or mention it at any branch.
Where do I send suggestions?,Feedback is genuinely useful — please send it to customerservice@acbonline.com or mention it at any branch.
I want to praise a staff member,Feedback is genuinely useful — please send it to customerservice@acbonline.com or mention it at any branch.
I've been waiting too long,"I understand the frustration. Let me get you to someone who can look at your account properly — 1-268-481-4200, or customerservice@acbonline.com."
Nobody is helping me,"I understand the frustration. Let me get you to someone who can look at your account properly — 1-268-481-4200, or customerservice@acbonline.com."
This is really frustrating,"I understand the frustration. Let me get you to someone who can look at your account properly — 1-268-481-4200, or customerservice@acbonline.com."
I've called three times already,"I understand the frustration. Let me get you to someone who can look at your account properly — 1-268-481-4200, or customerservice@acbonline.com."
Why is this so difficult?,"I understand the frustration. Let me get you to someone who can look at your account properly — 1-268-481-4200, or customerservice@acbonline.com."
Who do I speak to if something goes wrong?,"If something hasn't gone the way it should, please call 1-268-481-4200 or email customerservice@acbonline.com so the team can look into it properly."
How do I raise a concern?,"If something hasn't gone the way it should, please call 1-268-481-4200 or email customerservice@acbonline.com so the team can look into it properly."
I had a bad experience at the branch,"If something hasn't gone the way it should, please call 1-268-481-4200 or email customerservice@acbonline.com so the team can look into it properly."
There's a problem with my account and no one has helped,"If something hasn't gone the way it should, please call 1-268-481-4200 or email customerservice@acbonline.com so the team can look into it properly."
"I'm not confident with technology, can you help?","If you'd like help using online banking or the app, email connect@acbonline.com or call 1-268-481-4200 and our digital banking team will walk you through it."
Is there support for using the app?,"If you'd like help using online banking or the app, email connect@acbonline.com or call 1-268-481-4200 and our digital banking team will walk you through it."
Can someone show me how to bank online?,"If you'd like help using online banking or the app, email connect@acbonline.com or call 1-268-481-4200 and our digital banking team will walk you through it."
I need help getting started with digital banking,"If you'd like help using online banking or the app, email connect@acbonline.com or call 1-268-481-4200 and our digital banking team will walk you through it."
"This is urgent, who do I call?","Let's get you to someone who can act on it right away — call 1-268-481-4200 in Antigua or 1-473-444-4919 in Grenada. If it's outside banking hours, email customerservice@acbonline.com and mark it urgent."
I need help immediately,"Let's get you to someone who can act on it right away — call 1-268-481-4200 in Antigua or 1-473-444-4919 in Grenada. If it's outside banking hours, email customerservice@acbonline.com and mark it urgent."
Emergency — who do I contact?,"Let's get you to someone who can act on it right away — call 1-268-481-4200 in Antigua or 1-473-444-4919 in Grenada. If it's outside banking hours, email customerservice@acbonline.com and mark it urgent."
I need this sorted today,"Let's get you to someone who can act on it right away — call 1-268-481-4200 in Antigua or 1-473-444-4919 in Grenada. If it's outside banking hours, email customerservice@acbonline.com and mark it urgent."
This can't wait,"Let's get you to someone who can act on it right away — call 1-268-481-4200 in Antigua or 1-473-444-4919 in Grenada. If it's outside banking hours, email customerservice@acbonline.com and mark it urgent."
What's your website?,"Our website is ag.acbonline.com for Antigua & Barbuda, and gd.acbonline.com for Grenada. Online banking is at secure.acbonline.com."
Where do I log in online?,"Our website is ag.acbonline.com for Antigua & Barbuda, and gd.acbonline.com for Grenada. Online banking is at secure.acbonline.com."
What's the online banking address?,"Our website is ag.acbonline.com for Antigua & Barbuda, and gd.acbonline.com for Grenada. Online banking is at secure.acbonline.com."
Which website do I use?,"Our website is ag.acbonline.com for Antigua & Barbuda, and gd.acbonline.com for Grenada. Online banking is at secure.acbonline.com."
Who handles fixed deposits?,"The ACB Mortgage & Trust team can be reached on 1-268-481-4300 or acb_mortgage_and_trust@acbcaribbean.com for mortgages, fixed deposits and the Thrift Fund."
Which department does the thrift fund?,"The ACB Mortgage & Trust team can be reached on 1-268-481-4300 or acb_mortgage_and_trust@acbcaribbean.com for mortgages, fixed deposits and the Thrift Fund."
Who do I call about trust services?,"The ACB Mortgage & Trust team can be reached on 1-268-481-4300 or acb_mortgage_and_trust@acbcaribbean.com for mortgages, fixed deposits and the Thrift Fund."
Mortgage and trust contact details?,"The ACB Mortgage & Trust team can be reached on 1-268-481-4300 or acb_mortgage_and_trust@acbcaribbean.com for mortgages, fixed deposits and the Thrift Fund."
Can I use any branch?,"Yes — you can visit any of our branches, whether or not it's the one where you opened your account."
Do I have to go to my home branch?,"Yes — you can visit any of our branches, whether or not it's the one where you opened your account."
Can I bank at Woods if I opened at High Street?,"Yes — you can visit any of our branches, whether or not it's the one where you opened your account."
Are services the same at every branch?,"Yes — you can visit any of our branches, whether or not it's the one where you opened your account."
What are your social media handles?,"You'll find us on Instagram and Facebook as ACB Caribbean, along with our YouTube channel and LinkedIn page — all good places for announcements and updates."
Where do you post updates?,"You'll find us on Instagram and Facebook as ACB Caribbean, along with our YouTube channel and LinkedIn page — all good places for announcements and updates."
Do you have a YouTube channel?,"You'll find us on Instagram and Facebook as ACB Caribbean, along with our YouTube channel and LinkedIn page — all good places for announcements and updates."
How do I follow ACB online?,"You'll find us on Instagram and Facebook as ACB Caribbean, along with our YouTube channel and LinkedIn page — all good places for announcements and updates."
Can I do everything in person instead?,"You're always welcome to come into a branch and speak with someone face to face. Our branches are open Monday to Friday, 8am to 4pm."
I'd rather not bank online,"You're always welcome to come into a branch and speak with someone face to face. Our branches are open Monday to Friday, 8am to 4pm."
Do I have to use the app?,"You're always welcome to come into a branch and speak with someone face to face. Our branches are open Monday to Friday, 8am to 4pm."
Can I still visit a branch for everything?,"You're always welcome to come into a branch and speak with someone face to face. Our branches are open Monday to Friday, 8am to 4pm."